solid OpenSCAD_Model
  facet normal 1 -0 0
    outer loop
      vertex 11.4 2.4 18.4
      vertex 11.4 6.4 2.4
      vertex 11.4 6.4 18.4
    endloop
  endfacet
  facet normal 1 0 0
    outer loop
      vertex 11.4 6.4 2.4
      vertex 11.4 2.4 18.4
      vertex 11.4 2.4 2.4
    endloop
  endfacet
  facet normal -1 0 0
    outer loop
      vertex 11.4 1.8 7.4
      vertex 11.4 0 7.4
      vertex 11.4 1.8 18.4
    endloop
  endfacet
  facet normal -1 0 0
    outer loop
      vertex 11.4 1.8 18.4
      vertex 11.4 2.4 19.4
      vertex 11.4 2.4 18.4
    endloop
  endfacet
  facet normal -1 0 0
    outer loop
      vertex 11.4 1.8 18.4
      vertex 11.4 0 19.4
      vertex 11.4 2.4 19.4
    endloop
  endfacet
  facet normal -1 0 0
    outer loop
      vertex 11.4 0 19.4
      vertex 11.4 1.8 18.4
      vertex 11.4 0 7.4
    endloop
  endfacet
  facet normal 0 0 -1
    outer loop
      vertex 8.4 0 19.4
      vertex 11.4 2.4 19.4
      vertex 11.4 0 19.4
    endloop
  endfacet
  facet normal -0 0 -1
    outer loop
      vertex 11.4 2.4 19.4
      vertex 8.4 0 19.4
      vertex 8.4 2.4 19.4
    endloop
  endfacet
  facet normal -0 0 1
    outer loop
      vertex 8.4 1.8 7.4
      vertex 11.4 0 7.4
      vertex 11.4 1.8 7.4
    endloop
  endfacet
  facet normal 0 0 1
    outer loop
      vertex 11.4 0 7.4
      vertex 8.4 1.8 7.4
      vertex 8.4 0 7.4
    endloop
  endfacet
  facet normal 1 0 0
    outer loop
      vertex 8.4 2.4 19.4
      vertex 8.4 1.8 18.4
      vertex 8.4 2.4 18.4
    endloop
  endfacet
  facet normal 1 -0 0
    outer loop
      vertex 8.4 0 19.4
      vertex 8.4 1.8 18.4
      vertex 8.4 2.4 19.4
    endloop
  endfacet
  facet normal 1 0 0
    outer loop
      vertex 8.4 0 7.4
      vertex 8.4 1.8 18.4
      vertex 8.4 0 19.4
    endloop
  endfacet
  facet normal 1 0 0
    outer loop
      vertex 8.4 1.8 18.4
      vertex 8.4 0 7.4
      vertex 8.4 1.8 7.4
    endloop
  endfacet
  facet normal -1 0 0
    outer loop
      vertex 11.4 33.4 18.4
      vertex 11.4 35.2 7.4
      vertex 11.4 33.4 7.4
    endloop
  endfacet
  facet normal -1 0 0
    outer loop
      vertex 11.4 35.2 7.4
      vertex 11.4 33.4 18.4
      vertex 11.4 35.2 19.4
    endloop
  endfacet
  facet normal -1 0 0
    outer loop
      vertex 11.4 32.8 19.4
      vertex 11.4 33.4 18.4
      vertex 11.4 32.8 18.4
    endloop
  endfacet
  facet normal -1 0 0
    outer loop
      vertex 11.4 33.4 18.4
      vertex 11.4 32.8 19.4
      vertex 11.4 35.2 19.4
    endloop
  endfacet
  facet normal 1 -0 0
    outer loop
      vertex 11.4 28.8 18.4
      vertex 11.4 32.8 2.4
      vertex 11.4 32.8 18.4
    endloop
  endfacet
  facet normal 1 0 0
    outer loop
      vertex 11.4 32.8 2.4
      vertex 11.4 28.8 18.4
      vertex 11.4 28.8 2.4
    endloop
  endfacet
  facet normal 0 0 -1
    outer loop
      vertex 8.4 32.8 19.4
      vertex 11.4 35.2 19.4
      vertex 11.4 32.8 19.4
    endloop
  endfacet
  facet normal -0 0 -1
    outer loop
      vertex 11.4 35.2 19.4
      vertex 8.4 32.8 19.4
      vertex 8.4 35.2 19.4
    endloop
  endfacet
  facet normal -0 0 1
    outer loop
      vertex 8.4 35.2 7.4
      vertex 11.4 33.4 7.4
      vertex 11.4 35.2 7.4
    endloop
  endfacet
  facet normal 0 0 1
    outer loop
      vertex 11.4 33.4 7.4
      vertex 8.4 35.2 7.4
      vertex 8.4 33.4 7.4
    endloop
  endfacet
  facet normal 1 0 0
    outer loop
      vertex 8.4 35.2 19.4
      vertex 8.4 33.4 18.4
      vertex 8.4 35.2 7.4
    endloop
  endfacet
  facet normal 1 -0 0
    outer loop
      vertex 8.4 32.8 19.4
      vertex 8.4 33.4 18.4
      vertex 8.4 35.2 19.4
    endloop
  endfacet
  facet normal 1 0 0
    outer loop
      vertex 8.4 33.4 18.4
      vertex 8.4 32.8 19.4
      vertex 8.4 32.8 18.4
    endloop
  endfacet
  facet normal 1 0 0
    outer loop
      vertex 8.4 35.2 7.4
      vertex 8.4 33.4 18.4
      vertex 8.4 33.4 7.4
    endloop
  endfacet
  facet normal -1 0 0
    outer loop
      vertex 23.4 0 7.4
      vertex 23.4 2.4 19.4
      vertex 23.4 2.4 7.4
    endloop
  endfacet
  facet normal -1 -0 0
    outer loop
      vertex 23.4 2.4 19.4
      vertex 23.4 0 7.4
      vertex 23.4 0 19.4
    endloop
  endfacet
  facet normal 0 0 -1
    outer loop
      vertex 20.4 0 19.4
      vertex 23.4 2.4 19.4
      vertex 23.4 0 19.4
    endloop
  endfacet
  facet normal -0 0 -1
    outer loop
      vertex 23.4 2.4 19.4
      vertex 20.4 0 19.4
      vertex 20.4 2.4 19.4
    endloop
  endfacet
  facet normal -0 0 1
    outer loop
      vertex 20.4 2.4 7.4
      vertex 23.4 0 7.4
      vertex 23.4 2.4 7.4
    endloop
  endfacet
  facet normal 0 0 1
    outer loop
      vertex 23.4 0 7.4
      vertex 20.4 2.4 7.4
      vertex 20.4 0 7.4
    endloop
  endfacet
  facet normal 1 -0 0
    outer loop
      vertex 20.4 0 19.4
      vertex 20.4 2.4 7.4
      vertex 20.4 2.4 19.4
    endloop
  endfacet
  facet normal 1 0 0
    outer loop
      vertex 20.4 2.4 7.4
      vertex 20.4 0 19.4
      vertex 20.4 0 7.4
    endloop
  endfacet
  facet normal -1 0 0
    outer loop
      vertex 23.4 32.8 7.4
      vertex 23.4 35.2 19.4
      vertex 23.4 35.2 7.4
    endloop
  endfacet
  facet normal -1 -0 0
    outer loop
      vertex 23.4 35.2 19.4
      vertex 23.4 32.8 7.4
      vertex 23.4 32.8 19.4
    endloop
  endfacet
  facet normal 0 0 -1
    outer loop
      vertex 20.4 32.8 19.4
      vertex 23.4 35.2 19.4
      vertex 23.4 32.8 19.4
    endloop
  endfacet
  facet normal -0 0 -1
    outer loop
      vertex 23.4 35.2 19.4
      vertex 20.4 32.8 19.4
      vertex 20.4 35.2 19.4
    endloop
  endfacet
  facet normal -0 0 1
    outer loop
      vertex 20.4 35.2 7.4
      vertex 23.4 32.8 7.4
      vertex 23.4 35.2 7.4
    endloop
  endfacet
  facet normal 0 0 1
    outer loop
      vertex 23.4 32.8 7.4
      vertex 20.4 35.2 7.4
      vertex 20.4 32.8 7.4
    endloop
  endfacet
  facet normal 1 -0 0
    outer loop
      vertex 20.4 32.8 19.4
      vertex 20.4 35.2 7.4
      vertex 20.4 35.2 19.4
    endloop
  endfacet
  facet normal 1 0 0
    outer loop
      vertex 20.4 35.2 7.4
      vertex 20.4 32.8 19.4
      vertex 20.4 32.8 7.4
    endloop
  endfacet
  facet normal -1 0 0
    outer loop
      vertex 35.4 0 7.4
      vertex 35.4 2.4 19.4
      vertex 35.4 2.4 7.4
    endloop
  endfacet
  facet normal -1 -0 0
    outer loop
      vertex 35.4 2.4 19.4
      vertex 35.4 0 7.4
      vertex 35.4 0 19.4
    endloop
  endfacet
  facet normal 0 0 -1
    outer loop
      vertex 32.4 0 19.4
      vertex 35.4 2.4 19.4
      vertex 35.4 0 19.4
    endloop
  endfacet
  facet normal -0 0 -1
    outer loop
      vertex 35.4 2.4 19.4
      vertex 32.4 0 19.4
      vertex 32.4 2.4 19.4
    endloop
  endfacet
  facet normal -0 0 1
    outer loop
      vertex 32.4 2.4 7.4
      vertex 35.4 0 7.4
      vertex 35.4 2.4 7.4
    endloop
  endfacet
  facet normal 0 0 1
    outer loop
      vertex 35.4 0 7.4
      vertex 32.4 2.4 7.4
      vertex 32.4 0 7.4
    endloop
  endfacet
  facet normal 1 -0 0
    outer loop
      vertex 32.4 0 19.4
      vertex 32.4 2.4 7.4
      vertex 32.4 2.4 19.4
    endloop
  endfacet
  facet normal 1 0 0
    outer loop
      vertex 32.4 2.4 7.4
      vertex 32.4 0 19.4
      vertex 32.4 0 7.4
    endloop
  endfacet
  facet normal -1 0 0
    outer loop
      vertex 35.4 32.8 7.4
      vertex 35.4 35.2 19.4
      vertex 35.4 35.2 7.4
    endloop
  endfacet
  facet normal -1 -0 0
    outer loop
      vertex 35.4 35.2 19.4
      vertex 35.4 32.8 7.4
      vertex 35.4 32.8 19.4
    endloop
  endfacet
  facet normal 0 0 -1
    outer loop
      vertex 32.4 32.8 19.4
      vertex 35.4 35.2 19.4
      vertex 35.4 32.8 19.4
    endloop
  endfacet
  facet normal -0 0 -1
    outer loop
      vertex 35.4 35.2 19.4
      vertex 32.4 32.8 19.4
      vertex 32.4 35.2 19.4
    endloop
  endfacet
  facet normal -0 0 1
    outer loop
      vertex 32.4 35.2 7.4
      vertex 35.4 32.8 7.4
      vertex 35.4 35.2 7.4
    endloop
  endfacet
  facet normal 0 0 1
    outer loop
      vertex 35.4 32.8 7.4
      vertex 32.4 35.2 7.4
      vertex 32.4 32.8 7.4
    endloop
  endfacet
  facet normal 1 -0 0
    outer loop
      vertex 32.4 32.8 19.4
      vertex 32.4 35.2 7.4
      vertex 32.4 35.2 19.4
    endloop
  endfacet
  facet normal 1 0 0
    outer loop
      vertex 32.4 35.2 7.4
      vertex 32.4 32.8 19.4
      vertex 32.4 32.8 7.4
    endloop
  endfacet
  facet normal -1 0 0
    outer loop
      vertex 47.4 0 7.4
      vertex 47.4 2.4 19.4
      vertex 47.4 2.4 7.4
    endloop
  endfacet
  facet normal -1 -0 0
    outer loop
      vertex 47.4 2.4 19.4
      vertex 47.4 0 7.4
      vertex 47.4 0 19.4
    endloop
  endfacet
  facet normal 0 0 -1
    outer loop
      vertex 44.4 0 19.4
      vertex 47.4 2.4 19.4
      vertex 47.4 0 19.4
    endloop
  endfacet
  facet normal -0 0 -1
    outer loop
      vertex 47.4 2.4 19.4
      vertex 44.4 0 19.4
      vertex 44.4 2.4 19.4
    endloop
  endfacet
  facet normal -0 0 1
    outer loop
      vertex 44.4 2.4 7.4
      vertex 47.4 0 7.4
      vertex 47.4 2.4 7.4
    endloop
  endfacet
  facet normal 0 0 1
    outer loop
      vertex 47.4 0 7.4
      vertex 44.4 2.4 7.4
      vertex 44.4 0 7.4
    endloop
  endfacet
  facet normal 1 -0 0
    outer loop
      vertex 44.4 0 19.4
      vertex 44.4 2.4 7.4
      vertex 44.4 2.4 19.4
    endloop
  endfacet
  facet normal 1 0 0
    outer loop
      vertex 44.4 2.4 7.4
      vertex 44.4 0 19.4
      vertex 44.4 0 7.4
    endloop
  endfacet
  facet normal -1 0 0
    outer loop
      vertex 47.4 32.8 7.4
      vertex 47.4 35.2 19.4
      vertex 47.4 35.2 7.4
    endloop
  endfacet
  facet normal -1 -0 0
    outer loop
      vertex 47.4 35.2 19.4
      vertex 47.4 32.8 7.4
      vertex 47.4 32.8 19.4
    endloop
  endfacet
  facet normal 0 0 -1
    outer loop
      vertex 44.4 32.8 19.4
      vertex 47.4 35.2 19.4
      vertex 47.4 32.8 19.4
    endloop
  endfacet
  facet normal -0 0 -1
    outer loop
      vertex 47.4 35.2 19.4
      vertex 44.4 32.8 19.4
      vertex 44.4 35.2 19.4
    endloop
  endfacet
  facet normal -0 0 1
    outer loop
      vertex 44.4 35.2 7.4
      vertex 47.4 32.8 7.4
      vertex 47.4 35.2 7.4
    endloop
  endfacet
  facet normal 0 0 1
    outer loop
      vertex 47.4 32.8 7.4
      vertex 44.4 35.2 7.4
      vertex 44.4 32.8 7.4
    endloop
  endfacet
  facet normal 1 -0 0
    outer loop
      vertex 44.4 32.8 19.4
      vertex 44.4 35.2 7.4
      vertex 44.4 35.2 19.4
    endloop
  endfacet
  facet normal 1 0 0
    outer loop
      vertex 44.4 35.2 7.4
      vertex 44.4 32.8 19.4
      vertex 44.4 32.8 7.4
    endloop
  endfacet
  facet normal -1 0 0
    outer loop
      vertex 59.4 1.8 7.4
      vertex 59.4 0 7.4
      vertex 59.4 1.8 18.4
    endloop
  endfacet
  facet normal -1 0 0
    outer loop
      vertex 59.4 1.8 18.4
      vertex 59.4 2.4 19.4
      vertex 59.4 2.4 18.4
    endloop
  endfacet
  facet normal -1 0 0
    outer loop
      vertex 59.4 1.8 18.4
      vertex 59.4 0 19.4
      vertex 59.4 2.4 19.4
    endloop
  endfacet
  facet normal -1 0 0
    outer loop
      vertex 59.4 0 19.4
      vertex 59.4 1.8 18.4
      vertex 59.4 0 7.4
    endloop
  endfacet
  facet normal 0 0 -1
    outer loop
      vertex 56.4 0 19.4
      vertex 59.4 2.4 19.4
      vertex 59.4 0 19.4
    endloop
  endfacet
  facet normal -0 0 -1
    outer loop
      vertex 59.4 2.4 19.4
      vertex 56.4 0 19.4
      vertex 56.4 2.4 19.4
    endloop
  endfacet
  facet normal 0 0 1
    outer loop
      vertex 58.4 2.4 7.4
      vertex 56.4 2.4 7.4
      vertex 58.4 1.8 7.4
    endloop
  endfacet
  facet normal -0 0 1
    outer loop
      vertex 58.4 1.8 7.4
      vertex 59.4 0 7.4
      vertex 59.4 1.8 7.4
    endloop
  endfacet
  facet normal 0 0 1
    outer loop
      vertex 56.4 0 7.4
      vertex 58.4 1.8 7.4
      vertex 56.4 2.4 7.4
    endloop
  endfacet
  facet normal 0 0 1
    outer loop
      vertex 58.4 1.8 7.4
      vertex 56.4 0 7.4
      vertex 59.4 0 7.4
    endloop
  endfacet
  facet normal 1 -0 0
    outer loop
      vertex 56.4 0 19.4
      vertex 56.4 2.4 7.4
      vertex 56.4 2.4 19.4
    endloop
  endfacet
  facet normal 1 0 0
    outer loop
      vertex 56.4 2.4 7.4
      vertex 56.4 0 19.4
      vertex 56.4 0 7.4
    endloop
  endfacet
  facet normal -1 0 0
    outer loop
      vertex 59.4 33.4 18.4
      vertex 59.4 35.2 7.4
      vertex 59.4 33.4 7.4
    endloop
  endfacet
  facet normal -1 0 0
    outer loop
      vertex 59.4 35.2 7.4
      vertex 59.4 33.4 18.4
      vertex 59.4 35.2 19.4
    endloop
  endfacet
  facet normal -1 0 0
    outer loop
      vertex 59.4 32.8 19.4
      vertex 59.4 33.4 18.4
      vertex 59.4 32.8 18.4
    endloop
  endfacet
  facet normal -1 0 0
    outer loop
      vertex 59.4 33.4 18.4
      vertex 59.4 32.8 19.4
      vertex 59.4 35.2 19.4
    endloop
  endfacet
  facet normal 0 0 -1
    outer loop
      vertex 56.4 32.8 19.4
      vertex 59.4 35.2 19.4
      vertex 59.4 32.8 19.4
    endloop
  endfacet
  facet normal -0 0 -1
    outer loop
      vertex 59.4 35.2 19.4
      vertex 56.4 32.8 19.4
      vertex 56.4 35.2 19.4
    endloop
  endfacet
  facet normal 0 0 1
    outer loop
      vertex 59.4 35.2 7.4
      vertex 58.4 33.4 7.4
      vertex 59.4 33.4 7.4
    endloop
  endfacet
  facet normal -0 0 1
    outer loop
      vertex 56.4 35.2 7.4
      vertex 58.4 33.4 7.4
      vertex 59.4 35.2 7.4
    endloop
  endfacet
  facet normal 0 0 1
    outer loop
      vertex 56.4 32.8 7.4
      vertex 58.4 33.4 7.4
      vertex 56.4 35.2 7.4
    endloop
  endfacet
  facet normal 0 0 1
    outer loop
      vertex 58.4 33.4 7.4
      vertex 56.4 32.8 7.4
      vertex 58.4 32.8 7.4
    endloop
  endfacet
  facet normal 1 -0 0
    outer loop
      vertex 56.4 32.8 19.4
      vertex 56.4 35.2 7.4
      vertex 56.4 35.2 19.4
    endloop
  endfacet
  facet normal 1 0 0
    outer loop
      vertex 56.4 35.2 7.4
      vertex 56.4 32.8 19.4
      vertex 56.4 32.8 7.4
    endloop
  endfacet
  facet normal -1 0 0
    outer loop
      vertex 71.4 0 7.4
      vertex 71.4 2.4 19.4
      vertex 71.4 2.4 7.4
    endloop
  endfacet
  facet normal -1 -0 0
    outer loop
      vertex 71.4 2.4 19.4
      vertex 71.4 0 7.4
      vertex 71.4 0 19.4
    endloop
  endfacet
  facet normal 0 0 -1
    outer loop
      vertex 68.4 0 19.4
      vertex 71.4 2.4 19.4
      vertex 71.4 0 19.4
    endloop
  endfacet
  facet normal -0 0 -1
    outer loop
      vertex 71.4 2.4 19.4
      vertex 68.4 0 19.4
      vertex 68.4 2.4 19.4
    endloop
  endfacet
  facet normal -0 0 1
    outer loop
      vertex 68.4 2.4 7.4
      vertex 71.4 0 7.4
      vertex 71.4 2.4 7.4
    endloop
  endfacet
  facet normal 0 0 1
    outer loop
      vertex 71.4 0 7.4
      vertex 68.4 2.4 7.4
      vertex 68.4 0 7.4
    endloop
  endfacet
  facet normal 1 -0 0
    outer loop
      vertex 68.4 0 19.4
      vertex 68.4 2.4 7.4
      vertex 68.4 2.4 19.4
    endloop
  endfacet
  facet normal 1 0 0
    outer loop
      vertex 68.4 2.4 7.4
      vertex 68.4 0 19.4
      vertex 68.4 0 7.4
    endloop
  endfacet
  facet normal -1 0 0
    outer loop
      vertex 71.4 32.8 7.4
      vertex 71.4 35.2 19.4
      vertex 71.4 35.2 7.4
    endloop
  endfacet
  facet normal -1 -0 0
    outer loop
      vertex 71.4 35.2 19.4
      vertex 71.4 32.8 7.4
      vertex 71.4 32.8 19.4
    endloop
  endfacet
  facet normal 0 0 -1
    outer loop
      vertex 68.4 32.8 19.4
      vertex 71.4 35.2 19.4
      vertex 71.4 32.8 19.4
    endloop
  endfacet
  facet normal -0 0 -1
    outer loop
      vertex 71.4 35.2 19.4
      vertex 68.4 32.8 19.4
      vertex 68.4 35.2 19.4
    endloop
  endfacet
  facet normal -0 0 1
    outer loop
      vertex 68.4 35.2 7.4
      vertex 71.4 32.8 7.4
      vertex 71.4 35.2 7.4
    endloop
  endfacet
  facet normal 0 0 1
    outer loop
      vertex 71.4 32.8 7.4
      vertex 68.4 35.2 7.4
      vertex 68.4 32.8 7.4
    endloop
  endfacet
  facet normal 1 -0 0
    outer loop
      vertex 68.4 32.8 19.4
      vertex 68.4 35.2 7.4
      vertex 68.4 35.2 19.4
    endloop
  endfacet
  facet normal 1 0 0
    outer loop
      vertex 68.4 35.2 7.4
      vertex 68.4 32.8 19.4
      vertex 68.4 32.8 7.4
    endloop
  endfacet
  facet normal -1 0 0
    outer loop
      vertex 83.4 0 7.4
      vertex 83.4 2.4 19.4
      vertex 83.4 2.4 7.4
    endloop
  endfacet
  facet normal -1 -0 0
    outer loop
      vertex 83.4 2.4 19.4
      vertex 83.4 0 7.4
      vertex 83.4 0 19.4
    endloop
  endfacet
  facet normal 0 0 -1
    outer loop
      vertex 80.4 0 19.4
      vertex 83.4 2.4 19.4
      vertex 83.4 0 19.4
    endloop
  endfacet
  facet normal -0 0 -1
    outer loop
      vertex 83.4 2.4 19.4
      vertex 80.4 0 19.4
      vertex 80.4 2.4 19.4
    endloop
  endfacet
  facet normal -0 0 1
    outer loop
      vertex 80.4 2.4 7.4
      vertex 83.4 0 7.4
      vertex 83.4 2.4 7.4
    endloop
  endfacet
  facet normal 0 0 1
    outer loop
      vertex 83.4 0 7.4
      vertex 80.4 2.4 7.4
      vertex 80.4 0 7.4
    endloop
  endfacet
  facet normal 1 -0 0
    outer loop
      vertex 80.4 0 19.4
      vertex 80.4 2.4 7.4
      vertex 80.4 2.4 19.4
    endloop
  endfacet
  facet normal 1 0 0
    outer loop
      vertex 80.4 2.4 7.4
      vertex 80.4 0 19.4
      vertex 80.4 0 7.4
    endloop
  endfacet
  facet normal -1 0 0
    outer loop
      vertex 83.4 32.8 7.4
      vertex 83.4 35.2 19.4
      vertex 83.4 35.2 7.4
    endloop
  endfacet
  facet normal -1 -0 0
    outer loop
      vertex 83.4 35.2 19.4
      vertex 83.4 32.8 7.4
      vertex 83.4 32.8 19.4
    endloop
  endfacet
  facet normal 0 0 -1
    outer loop
      vertex 80.4 32.8 19.4
      vertex 83.4 35.2 19.4
      vertex 83.4 32.8 19.4
    endloop
  endfacet
  facet normal -0 0 -1
    outer loop
      vertex 83.4 35.2 19.4
      vertex 80.4 32.8 19.4
      vertex 80.4 35.2 19.4
    endloop
  endfacet
  facet normal -0 0 1
    outer loop
      vertex 80.4 35.2 7.4
      vertex 83.4 32.8 7.4
      vertex 83.4 35.2 7.4
    endloop
  endfacet
  facet normal 0 0 1
    outer loop
      vertex 83.4 32.8 7.4
      vertex 80.4 35.2 7.4
      vertex 80.4 32.8 7.4
    endloop
  endfacet
  facet normal 1 -0 0
    outer loop
      vertex 80.4 32.8 19.4
      vertex 80.4 35.2 7.4
      vertex 80.4 35.2 19.4
    endloop
  endfacet
  facet normal 1 0 0
    outer loop
      vertex 80.4 35.2 7.4
      vertex 80.4 32.8 19.4
      vertex 80.4 32.8 7.4
    endloop
  endfacet
  facet normal -1 0 0
    outer loop
      vertex 11.4 0 23.4
      vertex 11.4 2.4 34.4
      vertex 11.4 2.4 23.4
    endloop
  endfacet
  facet normal -1 -0 0
    outer loop
      vertex 11.4 2.4 34.4
      vertex 11.4 0 23.4
      vertex 11.4 0 34.4
    endloop
  endfacet
  facet normal 0 0 -1
    outer loop
      vertex 8.4 0 34.4
      vertex 11.4 2.4 34.4
      vertex 11.4 0 34.4
    endloop
  endfacet
  facet normal -0 0 -1
    outer loop
      vertex 11.4 2.4 34.4
      vertex 8.4 0 34.4
      vertex 8.4 2.4 34.4
    endloop
  endfacet
  facet normal -0 0 1
    outer loop
      vertex 8.4 2.4 23.4
      vertex 11.4 0 23.4
      vertex 11.4 2.4 23.4
    endloop
  endfacet
  facet normal 0 0 1
    outer loop
      vertex 11.4 0 23.4
      vertex 8.4 2.4 23.4
      vertex 8.4 0 23.4
    endloop
  endfacet
  facet normal 1 -0 0
    outer loop
      vertex 8.4 0 34.4
      vertex 8.4 2.4 23.4
      vertex 8.4 2.4 34.4
    endloop
  endfacet
  facet normal 1 0 0
    outer loop
      vertex 8.4 2.4 23.4
      vertex 8.4 0 34.4
      vertex 8.4 0 23.4
    endloop
  endfacet
  facet normal -1 0 0
    outer loop
      vertex 11.4 32.8 23.4
      vertex 11.4 35.2 34.4
      vertex 11.4 35.2 23.4
    endloop
  endfacet
  facet normal -1 -0 0
    outer loop
      vertex 11.4 35.2 34.4
      vertex 11.4 32.8 23.4
      vertex 11.4 32.8 34.4
    endloop
  endfacet
  facet normal 0 0 -1
    outer loop
      vertex 8.4 32.8 34.4
      vertex 11.4 35.2 34.4
      vertex 11.4 32.8 34.4
    endloop
  endfacet
  facet normal -0 0 -1
    outer loop
      vertex 11.4 35.2 34.4
      vertex 8.4 32.8 34.4
      vertex 8.4 35.2 34.4
    endloop
  endfacet
  facet normal -0 0 1
    outer loop
      vertex 8.4 35.2 23.4
      vertex 11.4 32.8 23.4
      vertex 11.4 35.2 23.4
    endloop
  endfacet
  facet normal 0 0 1
    outer loop
      vertex 11.4 32.8 23.4
      vertex 8.4 35.2 23.4
      vertex 8.4 32.8 23.4
    endloop
  endfacet
  facet normal 1 -0 0
    outer loop
      vertex 8.4 32.8 34.4
      vertex 8.4 35.2 23.4
      vertex 8.4 35.2 34.4
    endloop
  endfacet
  facet normal 1 0 0
    outer loop
      vertex 8.4 35.2 23.4
      vertex 8.4 32.8 34.4
      vertex 8.4 32.8 23.4
    endloop
  endfacet
  facet normal -1 0 0
    outer loop
      vertex 23.4 0 23.4
      vertex 23.4 2.4 34.4
      vertex 23.4 2.4 23.4
    endloop
  endfacet
  facet normal -1 -0 0
    outer loop
      vertex 23.4 2.4 34.4
      vertex 23.4 0 23.4
      vertex 23.4 0 34.4
    endloop
  endfacet
  facet normal 0 0 -1
    outer loop
      vertex 20.4 0 34.4
      vertex 23.4 2.4 34.4
      vertex 23.4 0 34.4
    endloop
  endfacet
  facet normal -0 0 -1
    outer loop
      vertex 23.4 2.4 34.4
      vertex 20.4 0 34.4
      vertex 20.4 2.4 34.4
    endloop
  endfacet
  facet normal -0 0 1
    outer loop
      vertex 20.4 2.4 23.4
      vertex 23.4 0 23.4
      vertex 23.4 2.4 23.4
    endloop
  endfacet
  facet normal 0 0 1
    outer loop
      vertex 23.4 0 23.4
      vertex 20.4 2.4 23.4
      vertex 20.4 0 23.4
    endloop
  endfacet
  facet normal 1 -0 0
    outer loop
      vertex 20.4 0 34.4
      vertex 20.4 2.4 23.4
      vertex 20.4 2.4 34.4
    endloop
  endfacet
  facet normal 1 0 0
    outer loop
      vertex 20.4 2.4 23.4
      vertex 20.4 0 34.4
      vertex 20.4 0 23.4
    endloop
  endfacet
  facet normal -1 0 0
    outer loop
      vertex 23.4 32.8 23.4
      vertex 23.4 35.2 34.4
      vertex 23.4 35.2 23.4
    endloop
  endfacet
  facet normal -1 -0 0
    outer loop
      vertex 23.4 35.2 34.4
      vertex 23.4 32.8 23.4
      vertex 23.4 32.8 34.4
    endloop
  endfacet
  facet normal 0 0 -1
    outer loop
      vertex 20.4 32.8 34.4
      vertex 23.4 35.2 34.4
      vertex 23.4 32.8 34.4
    endloop
  endfacet
  facet normal -0 0 -1
    outer loop
      vertex 23.4 35.2 34.4
      vertex 20.4 32.8 34.4
      vertex 20.4 35.2 34.4
    endloop
  endfacet
  facet normal -0 0 1
    outer loop
      vertex 20.4 35.2 23.4
      vertex 23.4 32.8 23.4
      vertex 23.4 35.2 23.4
    endloop
  endfacet
  facet normal 0 0 1
    outer loop
      vertex 23.4 32.8 23.4
      vertex 20.4 35.2 23.4
      vertex 20.4 32.8 23.4
    endloop
  endfacet
  facet normal 1 -0 0
    outer loop
      vertex 20.4 32.8 34.4
      vertex 20.4 35.2 23.4
      vertex 20.4 35.2 34.4
    endloop
  endfacet
  facet normal 1 0 0
    outer loop
      vertex 20.4 35.2 23.4
      vertex 20.4 32.8 34.4
      vertex 20.4 32.8 23.4
    endloop
  endfacet
  facet normal -1 0 0
    outer loop
      vertex 35.4 0 23.4
      vertex 35.4 2.4 34.4
      vertex 35.4 2.4 23.4
    endloop
  endfacet
  facet normal -1 -0 0
    outer loop
      vertex 35.4 2.4 34.4
      vertex 35.4 0 23.4
      vertex 35.4 0 34.4
    endloop
  endfacet
  facet normal 0 0 -1
    outer loop
      vertex 32.4 0 34.4
      vertex 35.4 2.4 34.4
      vertex 35.4 0 34.4
    endloop
  endfacet
  facet normal -0 0 -1
    outer loop
      vertex 35.4 2.4 34.4
      vertex 32.4 0 34.4
      vertex 32.4 2.4 34.4
    endloop
  endfacet
  facet normal -0 0 1
    outer loop
      vertex 32.4 2.4 23.4
      vertex 35.4 0 23.4
      vertex 35.4 2.4 23.4
    endloop
  endfacet
  facet normal 0 0 1
    outer loop
      vertex 35.4 0 23.4
      vertex 32.4 2.4 23.4
      vertex 32.4 0 23.4
    endloop
  endfacet
  facet normal 1 -0 0
    outer loop
      vertex 32.4 0 34.4
      vertex 32.4 2.4 23.4
      vertex 32.4 2.4 34.4
    endloop
  endfacet
  facet normal 1 0 0
    outer loop
      vertex 32.4 2.4 23.4
      vertex 32.4 0 34.4
      vertex 32.4 0 23.4
    endloop
  endfacet
  facet normal -1 0 0
    outer loop
      vertex 35.4 32.8 23.4
      vertex 35.4 35.2 34.4
      vertex 35.4 35.2 23.4
    endloop
  endfacet
  facet normal -1 -0 0
    outer loop
      vertex 35.4 35.2 34.4
      vertex 35.4 32.8 23.4
      vertex 35.4 32.8 34.4
    endloop
  endfacet
  facet normal 0 0 -1
    outer loop
      vertex 32.4 32.8 34.4
      vertex 35.4 35.2 34.4
      vertex 35.4 32.8 34.4
    endloop
  endfacet
  facet normal -0 0 -1
    outer loop
      vertex 35.4 35.2 34.4
      vertex 32.4 32.8 34.4
      vertex 32.4 35.2 34.4
    endloop
  endfacet
  facet normal -0 0 1
    outer loop
      vertex 32.4 35.2 23.4
      vertex 35.4 32.8 23.4
      vertex 35.4 35.2 23.4
    endloop
  endfacet
  facet normal 0 0 1
    outer loop
      vertex 35.4 32.8 23.4
      vertex 32.4 35.2 23.4
      vertex 32.4 32.8 23.4
    endloop
  endfacet
  facet normal 1 -0 0
    outer loop
      vertex 32.4 32.8 34.4
      vertex 32.4 35.2 23.4
      vertex 32.4 35.2 34.4
    endloop
  endfacet
  facet normal 1 0 0
    outer loop
      vertex 32.4 35.2 23.4
      vertex 32.4 32.8 34.4
      vertex 32.4 32.8 23.4
    endloop
  endfacet
  facet normal -1 0 0
    outer loop
      vertex 47.4 0 23.4
      vertex 47.4 2.4 34.4
      vertex 47.4 2.4 23.4
    endloop
  endfacet
  facet normal -1 -0 0
    outer loop
      vertex 47.4 2.4 34.4
      vertex 47.4 0 23.4
      vertex 47.4 0 34.4
    endloop
  endfacet
  facet normal 0 0 -1
    outer loop
      vertex 44.4 0 34.4
      vertex 47.4 2.4 34.4
      vertex 47.4 0 34.4
    endloop
  endfacet
  facet normal -0 0 -1
    outer loop
      vertex 47.4 2.4 34.4
      vertex 44.4 0 34.4
      vertex 44.4 2.4 34.4
    endloop
  endfacet
  facet normal -0 0 1
    outer loop
      vertex 44.4 2.4 23.4
      vertex 47.4 0 23.4
      vertex 47.4 2.4 23.4
    endloop
  endfacet
  facet normal 0 0 1
    outer loop
      vertex 47.4 0 23.4
      vertex 44.4 2.4 23.4
      vertex 44.4 0 23.4
    endloop
  endfacet
  facet normal 1 -0 0
    outer loop
      vertex 44.4 0 34.4
      vertex 44.4 2.4 23.4
      vertex 44.4 2.4 34.4
    endloop
  endfacet
  facet normal 1 0 0
    outer loop
      vertex 44.4 2.4 23.4
      vertex 44.4 0 34.4
      vertex 44.4 0 23.4
    endloop
  endfacet
  facet normal -1 0 0
    outer loop
      vertex 47.4 32.8 23.4
      vertex 47.4 35.2 34.4
      vertex 47.4 35.2 23.4
    endloop
  endfacet
  facet normal -1 -0 0
    outer loop
      vertex 47.4 35.2 34.4
      vertex 47.4 32.8 23.4
      vertex 47.4 32.8 34.4
    endloop
  endfacet
  facet normal 0 0 -1
    outer loop
      vertex 44.4 32.8 34.4
      vertex 47.4 35.2 34.4
      vertex 47.4 32.8 34.4
    endloop
  endfacet
  facet normal -0 0 -1
    outer loop
      vertex 47.4 35.2 34.4
      vertex 44.4 32.8 34.4
      vertex 44.4 35.2 34.4
    endloop
  endfacet
  facet normal -0 0 1
    outer loop
      vertex 44.4 35.2 23.4
      vertex 47.4 32.8 23.4
      vertex 47.4 35.2 23.4
    endloop
  endfacet
  facet normal 0 0 1
    outer loop
      vertex 47.4 32.8 23.4
      vertex 44.4 35.2 23.4
      vertex 44.4 32.8 23.4
    endloop
  endfacet
  facet normal 1 -0 0
    outer loop
      vertex 44.4 32.8 34.4
      vertex 44.4 35.2 23.4
      vertex 44.4 35.2 34.4
    endloop
  endfacet
  facet normal 1 0 0
    outer loop
      vertex 44.4 35.2 23.4
      vertex 44.4 32.8 34.4
      vertex 44.4 32.8 23.4
    endloop
  endfacet
  facet normal -1 0 0
    outer loop
      vertex 59.4 0 23.4
      vertex 59.4 2.4 34.4
      vertex 59.4 2.4 23.4
    endloop
  endfacet
  facet normal -1 -0 0
    outer loop
      vertex 59.4 2.4 34.4
      vertex 59.4 0 23.4
      vertex 59.4 0 34.4
    endloop
  endfacet
  facet normal 0 0 -1
    outer loop
      vertex 56.4 0 34.4
      vertex 59.4 2.4 34.4
      vertex 59.4 0 34.4
    endloop
  endfacet
  facet normal -0 0 -1
    outer loop
      vertex 59.4 2.4 34.4
      vertex 56.4 0 34.4
      vertex 56.4 2.4 34.4
    endloop
  endfacet
  facet normal -0 0 1
    outer loop
      vertex 56.4 2.4 23.4
      vertex 59.4 0 23.4
      vertex 59.4 2.4 23.4
    endloop
  endfacet
  facet normal 0 0 1
    outer loop
      vertex 59.4 0 23.4
      vertex 56.4 2.4 23.4
      vertex 56.4 0 23.4
    endloop
  endfacet
  facet normal 1 -0 0
    outer loop
      vertex 56.4 0 34.4
      vertex 56.4 2.4 23.4
      vertex 56.4 2.4 34.4
    endloop
  endfacet
  facet normal 1 0 0
    outer loop
      vertex 56.4 2.4 23.4
      vertex 56.4 0 34.4
      vertex 56.4 0 23.4
    endloop
  endfacet
  facet normal -1 0 0
    outer loop
      vertex 59.4 32.8 23.4
      vertex 59.4 35.2 34.4
      vertex 59.4 35.2 23.4
    endloop
  endfacet
  facet normal -1 -0 0
    outer loop
      vertex 59.4 35.2 34.4
      vertex 59.4 32.8 23.4
      vertex 59.4 32.8 34.4
    endloop
  endfacet
  facet normal 0 0 -1
    outer loop
      vertex 56.4 32.8 34.4
      vertex 59.4 35.2 34.4
      vertex 59.4 32.8 34.4
    endloop
  endfacet
  facet normal -0 0 -1
    outer loop
      vertex 59.4 35.2 34.4
      vertex 56.4 32.8 34.4
      vertex 56.4 35.2 34.4
    endloop
  endfacet
  facet normal -0 0 1
    outer loop
      vertex 56.4 35.2 23.4
      vertex 59.4 32.8 23.4
      vertex 59.4 35.2 23.4
    endloop
  endfacet
  facet normal 0 0 1
    outer loop
      vertex 59.4 32.8 23.4
      vertex 56.4 35.2 23.4
      vertex 56.4 32.8 23.4
    endloop
  endfacet
  facet normal 1 -0 0
    outer loop
      vertex 56.4 32.8 34.4
      vertex 56.4 35.2 23.4
      vertex 56.4 35.2 34.4
    endloop
  endfacet
  facet normal 1 0 0
    outer loop
      vertex 56.4 35.2 23.4
      vertex 56.4 32.8 34.4
      vertex 56.4 32.8 23.4
    endloop
  endfacet
  facet normal -1 0 0
    outer loop
      vertex 71.4 0 23.4
      vertex 71.4 2.4 34.4
      vertex 71.4 2.4 23.4
    endloop
  endfacet
  facet normal -1 -0 0
    outer loop
      vertex 71.4 2.4 34.4
      vertex 71.4 0 23.4
      vertex 71.4 0 34.4
    endloop
  endfacet
  facet normal 0 0 -1
    outer loop
      vertex 68.4 0 34.4
      vertex 71.4 2.4 34.4
      vertex 71.4 0 34.4
    endloop
  endfacet
  facet normal -0 0 -1
    outer loop
      vertex 71.4 2.4 34.4
      vertex 68.4 0 34.4
      vertex 68.4 2.4 34.4
    endloop
  endfacet
  facet normal -0 0 1
    outer loop
      vertex 68.4 2.4 23.4
      vertex 71.4 0 23.4
      vertex 71.4 2.4 23.4
    endloop
  endfacet
  facet normal 0 0 1
    outer loop
      vertex 71.4 0 23.4
      vertex 68.4 2.4 23.4
      vertex 68.4 0 23.4
    endloop
  endfacet
  facet normal 1 -0 0
    outer loop
      vertex 68.4 0 34.4
      vertex 68.4 2.4 23.4
      vertex 68.4 2.4 34.4
    endloop
  endfacet
  facet normal 1 0 0
    outer loop
      vertex 68.4 2.4 23.4
      vertex 68.4 0 34.4
      vertex 68.4 0 23.4
    endloop
  endfacet
  facet normal -1 0 0
    outer loop
      vertex 71.4 32.8 23.4
      vertex 71.4 35.2 34.4
      vertex 71.4 35.2 23.4
    endloop
  endfacet
  facet normal -1 -0 0
    outer loop
      vertex 71.4 35.2 34.4
      vertex 71.4 32.8 23.4
      vertex 71.4 32.8 34.4
    endloop
  endfacet
  facet normal 0 0 -1
    outer loop
      vertex 68.4 32.8 34.4
      vertex 71.4 35.2 34.4
      vertex 71.4 32.8 34.4
    endloop
  endfacet
  facet normal -0 0 -1
    outer loop
      vertex 71.4 35.2 34.4
      vertex 68.4 32.8 34.4
      vertex 68.4 35.2 34.4
    endloop
  endfacet
  facet normal -0 0 1
    outer loop
      vertex 68.4 35.2 23.4
      vertex 71.4 32.8 23.4
      vertex 71.4 35.2 23.4
    endloop
  endfacet
  facet normal 0 0 1
    outer loop
      vertex 71.4 32.8 23.4
      vertex 68.4 35.2 23.4
      vertex 68.4 32.8 23.4
    endloop
  endfacet
  facet normal 1 -0 0
    outer loop
      vertex 68.4 32.8 34.4
      vertex 68.4 35.2 23.4
      vertex 68.4 35.2 34.4
    endloop
  endfacet
  facet normal 1 0 0
    outer loop
      vertex 68.4 35.2 23.4
      vertex 68.4 32.8 34.4
      vertex 68.4 32.8 23.4
    endloop
  endfacet
  facet normal -1 0 0
    outer loop
      vertex 83.4 0 23.4
      vertex 83.4 2.4 34.4
      vertex 83.4 2.4 23.4
    endloop
  endfacet
  facet normal -1 -0 0
    outer loop
      vertex 83.4 2.4 34.4
      vertex 83.4 0 23.4
      vertex 83.4 0 34.4
    endloop
  endfacet
  facet normal 0 0 -1
    outer loop
      vertex 80.4 0 34.4
      vertex 83.4 2.4 34.4
      vertex 83.4 0 34.4
    endloop
  endfacet
  facet normal -0 0 -1
    outer loop
      vertex 83.4 2.4 34.4
      vertex 80.4 0 34.4
      vertex 80.4 2.4 34.4
    endloop
  endfacet
  facet normal -0 0 1
    outer loop
      vertex 80.4 2.4 23.4
      vertex 83.4 0 23.4
      vertex 83.4 2.4 23.4
    endloop
  endfacet
  facet normal 0 0 1
    outer loop
      vertex 83.4 0 23.4
      vertex 80.4 2.4 23.4
      vertex 80.4 0 23.4
    endloop
  endfacet
  facet normal 1 -0 0
    outer loop
      vertex 80.4 0 34.4
      vertex 80.4 2.4 23.4
      vertex 80.4 2.4 34.4
    endloop
  endfacet
  facet normal 1 0 0
    outer loop
      vertex 80.4 2.4 23.4
      vertex 80.4 0 34.4
      vertex 80.4 0 23.4
    endloop
  endfacet
  facet normal -1 0 0
    outer loop
      vertex 83.4 32.8 23.4
      vertex 83.4 35.2 34.4
      vertex 83.4 35.2 23.4
    endloop
  endfacet
  facet normal -1 -0 0
    outer loop
      vertex 83.4 35.2 34.4
      vertex 83.4 32.8 23.4
      vertex 83.4 32.8 34.4
    endloop
  endfacet
  facet normal 0 0 -1
    outer loop
      vertex 80.4 32.8 34.4
      vertex 83.4 35.2 34.4
      vertex 83.4 32.8 34.4
    endloop
  endfacet
  facet normal -0 0 -1
    outer loop
      vertex 83.4 35.2 34.4
      vertex 80.4 32.8 34.4
      vertex 80.4 35.2 34.4
    endloop
  endfacet
  facet normal -0 0 1
    outer loop
      vertex 80.4 35.2 23.4
      vertex 83.4 32.8 23.4
      vertex 83.4 35.2 23.4
    endloop
  endfacet
  facet normal 0 0 1
    outer loop
      vertex 83.4 32.8 23.4
      vertex 80.4 35.2 23.4
      vertex 80.4 32.8 23.4
    endloop
  endfacet
  facet normal 1 -0 0
    outer loop
      vertex 80.4 32.8 34.4
      vertex 80.4 35.2 23.4
      vertex 80.4 35.2 34.4
    endloop
  endfacet
  facet normal 1 0 0
    outer loop
      vertex 80.4 35.2 23.4
      vertex 80.4 32.8 34.4
      vertex 80.4 32.8 23.4
    endloop
  endfacet
  facet normal -1 0 0
    outer loop
      vertex 11.4 0 36.4
      vertex 11.4 2.4 40.4
      vertex 11.4 2.4 36.4
    endloop
  endfacet
  facet normal -1 -0 0
    outer loop
      vertex 11.4 2.4 40.4
      vertex 11.4 0 36.4
      vertex 11.4 0 40.4
    endloop
  endfacet
  facet normal 0 0 -1
    outer loop
      vertex 8.4 0 40.4
      vertex 11.4 2.4 40.4
      vertex 11.4 0 40.4
    endloop
  endfacet
  facet normal -0 0 -1
    outer loop
      vertex 11.4 2.4 40.4
      vertex 8.4 0 40.4
      vertex 8.4 2.4 40.4
    endloop
  endfacet
  facet normal -0 0 1
    outer loop
      vertex 8.4 2.4 36.4
      vertex 11.4 0 36.4
      vertex 11.4 2.4 36.4
    endloop
  endfacet
  facet normal 0 0 1
    outer loop
      vertex 11.4 0 36.4
      vertex 8.4 2.4 36.4
      vertex 8.4 0 36.4
    endloop
  endfacet
  facet normal 1 -0 0
    outer loop
      vertex 8.4 0 40.4
      vertex 8.4 2.4 36.4
      vertex 8.4 2.4 40.4
    endloop
  endfacet
  facet normal 1 0 0
    outer loop
      vertex 8.4 2.4 36.4
      vertex 8.4 0 40.4
      vertex 8.4 0 36.4
    endloop
  endfacet
  facet normal -1 0 0
    outer loop
      vertex 11.4 32.8 36.4
      vertex 11.4 35.2 40.4
      vertex 11.4 35.2 36.4
    endloop
  endfacet
  facet normal -1 -0 0
    outer loop
      vertex 11.4 35.2 40.4
      vertex 11.4 32.8 36.4
      vertex 11.4 32.8 40.4
    endloop
  endfacet
  facet normal 0 0 -1
    outer loop
      vertex 8.4 32.8 40.4
      vertex 11.4 35.2 40.4
      vertex 11.4 32.8 40.4
    endloop
  endfacet
  facet normal -0 0 -1
    outer loop
      vertex 11.4 35.2 40.4
      vertex 8.4 32.8 40.4
      vertex 8.4 35.2 40.4
    endloop
  endfacet
  facet normal -0 0 1
    outer loop
      vertex 8.4 35.2 36.4
      vertex 11.4 32.8 36.4
      vertex 11.4 35.2 36.4
    endloop
  endfacet
  facet normal 0 0 1
    outer loop
      vertex 11.4 32.8 36.4
      vertex 8.4 35.2 36.4
      vertex 8.4 32.8 36.4
    endloop
  endfacet
  facet normal 1 -0 0
    outer loop
      vertex 8.4 32.8 40.4
      vertex 8.4 35.2 36.4
      vertex 8.4 35.2 40.4
    endloop
  endfacet
  facet normal 1 0 0
    outer loop
      vertex 8.4 35.2 36.4
      vertex 8.4 32.8 40.4
      vertex 8.4 32.8 36.4
    endloop
  endfacet
  facet normal -1 0 0
    outer loop
      vertex 23.4 0 36.4
      vertex 23.4 2.4 40.4
      vertex 23.4 2.4 36.4
    endloop
  endfacet
  facet normal -1 -0 0
    outer loop
      vertex 23.4 2.4 40.4
      vertex 23.4 0 36.4
      vertex 23.4 0 40.4
    endloop
  endfacet
  facet normal 0 0 -1
    outer loop
      vertex 20.4 0 40.4
      vertex 23.4 2.4 40.4
      vertex 23.4 0 40.4
    endloop
  endfacet
  facet normal -0 0 -1
    outer loop
      vertex 23.4 2.4 40.4
      vertex 20.4 0 40.4
      vertex 20.4 2.4 40.4
    endloop
  endfacet
  facet normal -0 0 1
    outer loop
      vertex 20.4 2.4 36.4
      vertex 23.4 0 36.4
      vertex 23.4 2.4 36.4
    endloop
  endfacet
  facet normal 0 0 1
    outer loop
      vertex 23.4 0 36.4
      vertex 20.4 2.4 36.4
      vertex 20.4 0 36.4
    endloop
  endfacet
  facet normal 1 -0 0
    outer loop
      vertex 20.4 0 40.4
      vertex 20.4 2.4 36.4
      vertex 20.4 2.4 40.4
    endloop
  endfacet
  facet normal 1 0 0
    outer loop
      vertex 20.4 2.4 36.4
      vertex 20.4 0 40.4
      vertex 20.4 0 36.4
    endloop
  endfacet
  facet normal -1 0 0
    outer loop
      vertex 23.4 32.8 36.4
      vertex 23.4 35.2 40.4
      vertex 23.4 35.2 36.4
    endloop
  endfacet
  facet normal -1 -0 0
    outer loop
      vertex 23.4 35.2 40.4
      vertex 23.4 32.8 36.4
      vertex 23.4 32.8 40.4
    endloop
  endfacet
  facet normal 0 0 -1
    outer loop
      vertex 20.4 32.8 40.4
      vertex 23.4 35.2 40.4
      vertex 23.4 32.8 40.4
    endloop
  endfacet
  facet normal -0 0 -1
    outer loop
      vertex 23.4 35.2 40.4
      vertex 20.4 32.8 40.4
      vertex 20.4 35.2 40.4
    endloop
  endfacet
  facet normal -0 0 1
    outer loop
      vertex 20.4 35.2 36.4
      vertex 23.4 32.8 36.4
      vertex 23.4 35.2 36.4
    endloop
  endfacet
  facet normal 0 0 1
    outer loop
      vertex 23.4 32.8 36.4
      vertex 20.4 35.2 36.4
      vertex 20.4 32.8 36.4
    endloop
  endfacet
  facet normal 1 -0 0
    outer loop
      vertex 20.4 32.8 40.4
      vertex 20.4 35.2 36.4
      vertex 20.4 35.2 40.4
    endloop
  endfacet
  facet normal 1 0 0
    outer loop
      vertex 20.4 35.2 36.4
      vertex 20.4 32.8 40.4
      vertex 20.4 32.8 36.4
    endloop
  endfacet
  facet normal -1 0 0
    outer loop
      vertex 35.4 0 36.4
      vertex 35.4 2.4 40.4
      vertex 35.4 2.4 36.4
    endloop
  endfacet
  facet normal -1 -0 0
    outer loop
      vertex 35.4 2.4 40.4
      vertex 35.4 0 36.4
      vertex 35.4 0 40.4
    endloop
  endfacet
  facet normal 0 0 -1
    outer loop
      vertex 32.4 0 40.4
      vertex 35.4 2.4 40.4
      vertex 35.4 0 40.4
    endloop
  endfacet
  facet normal -0 0 -1
    outer loop
      vertex 35.4 2.4 40.4
      vertex 32.4 0 40.4
      vertex 32.4 2.4 40.4
    endloop
  endfacet
  facet normal -0 0 1
    outer loop
      vertex 32.4 2.4 36.4
      vertex 35.4 0 36.4
      vertex 35.4 2.4 36.4
    endloop
  endfacet
  facet normal 0 0 1
    outer loop
      vertex 35.4 0 36.4
      vertex 32.4 2.4 36.4
      vertex 32.4 0 36.4
    endloop
  endfacet
  facet normal 1 -0 0
    outer loop
      vertex 32.4 0 40.4
      vertex 32.4 2.4 36.4
      vertex 32.4 2.4 40.4
    endloop
  endfacet
  facet normal 1 0 0
    outer loop
      vertex 32.4 2.4 36.4
      vertex 32.4 0 40.4
      vertex 32.4 0 36.4
    endloop
  endfacet
  facet normal -1 0 0
    outer loop
      vertex 35.4 32.8 36.4
      vertex 35.4 35.2 40.4
      vertex 35.4 35.2 36.4
    endloop
  endfacet
  facet normal -1 -0 0
    outer loop
      vertex 35.4 35.2 40.4
      vertex 35.4 32.8 36.4
      vertex 35.4 32.8 40.4
    endloop
  endfacet
  facet normal 0 0 -1
    outer loop
      vertex 32.4 32.8 40.4
      vertex 35.4 35.2 40.4
      vertex 35.4 32.8 40.4
    endloop
  endfacet
  facet normal -0 0 -1
    outer loop
      vertex 35.4 35.2 40.4
      vertex 32.4 32.8 40.4
      vertex 32.4 35.2 40.4
    endloop
  endfacet
  facet normal -0 0 1
    outer loop
      vertex 32.4 35.2 36.4
      vertex 35.4 32.8 36.4
      vertex 35.4 35.2 36.4
    endloop
  endfacet
  facet normal 0 0 1
    outer loop
      vertex 35.4 32.8 36.4
      vertex 32.4 35.2 36.4
      vertex 32.4 32.8 36.4
    endloop
  endfacet
  facet normal 1 -0 0
    outer loop
      vertex 32.4 32.8 40.4
      vertex 32.4 35.2 36.4
      vertex 32.4 35.2 40.4
    endloop
  endfacet
  facet normal 1 0 0
    outer loop
      vertex 32.4 35.2 36.4
      vertex 32.4 32.8 40.4
      vertex 32.4 32.8 36.4
    endloop
  endfacet
  facet normal -1 0 0
    outer loop
      vertex 47.4 0 36.4
      vertex 47.4 2.4 40.4
      vertex 47.4 2.4 36.4
    endloop
  endfacet
  facet normal -1 -0 0
    outer loop
      vertex 47.4 2.4 40.4
      vertex 47.4 0 36.4
      vertex 47.4 0 40.4
    endloop
  endfacet
  facet normal 0 0 -1
    outer loop
      vertex 44.4 0 40.4
      vertex 47.4 2.4 40.4
      vertex 47.4 0 40.4
    endloop
  endfacet
  facet normal -0 0 -1
    outer loop
      vertex 47.4 2.4 40.4
      vertex 44.4 0 40.4
      vertex 44.4 2.4 40.4
    endloop
  endfacet
  facet normal -0 0 1
    outer loop
      vertex 44.4 2.4 36.4
      vertex 47.4 0 36.4
      vertex 47.4 2.4 36.4
    endloop
  endfacet
  facet normal 0 0 1
    outer loop
      vertex 47.4 0 36.4
      vertex 44.4 2.4 36.4
      vertex 44.4 0 36.4
    endloop
  endfacet
  facet normal 1 -0 0
    outer loop
      vertex 44.4 0 40.4
      vertex 44.4 2.4 36.4
      vertex 44.4 2.4 40.4
    endloop
  endfacet
  facet normal 1 0 0
    outer loop
      vertex 44.4 2.4 36.4
      vertex 44.4 0 40.4
      vertex 44.4 0 36.4
    endloop
  endfacet
  facet normal -1 0 0
    outer loop
      vertex 47.4 32.8 36.4
      vertex 47.4 35.2 40.4
      vertex 47.4 35.2 36.4
    endloop
  endfacet
  facet normal -1 -0 0
    outer loop
      vertex 47.4 35.2 40.4
      vertex 47.4 32.8 36.4
      vertex 47.4 32.8 40.4
    endloop
  endfacet
  facet normal 0 0 -1
    outer loop
      vertex 44.4 32.8 40.4
      vertex 47.4 35.2 40.4
      vertex 47.4 32.8 40.4
    endloop
  endfacet
  facet normal -0 0 -1
    outer loop
      vertex 47.4 35.2 40.4
      vertex 44.4 32.8 40.4
      vertex 44.4 35.2 40.4
    endloop
  endfacet
  facet normal -0 0 1
    outer loop
      vertex 44.4 35.2 36.4
      vertex 47.4 32.8 36.4
      vertex 47.4 35.2 36.4
    endloop
  endfacet
  facet normal 0 0 1
    outer loop
      vertex 47.4 32.8 36.4
      vertex 44.4 35.2 36.4
      vertex 44.4 32.8 36.4
    endloop
  endfacet
  facet normal 1 -0 0
    outer loop
      vertex 44.4 32.8 40.4
      vertex 44.4 35.2 36.4
      vertex 44.4 35.2 40.4
    endloop
  endfacet
  facet normal 1 0 0
    outer loop
      vertex 44.4 35.2 36.4
      vertex 44.4 32.8 40.4
      vertex 44.4 32.8 36.4
    endloop
  endfacet
  facet normal -1 0 0
    outer loop
      vertex 59.4 0 36.4
      vertex 59.4 2.4 40.4
      vertex 59.4 2.4 36.4
    endloop
  endfacet
  facet normal -1 -0 0
    outer loop
      vertex 59.4 2.4 40.4
      vertex 59.4 0 36.4
      vertex 59.4 0 40.4
    endloop
  endfacet
  facet normal 0 0 -1
    outer loop
      vertex 56.4 0 40.4
      vertex 59.4 2.4 40.4
      vertex 59.4 0 40.4
    endloop
  endfacet
  facet normal -0 0 -1
    outer loop
      vertex 59.4 2.4 40.4
      vertex 56.4 0 40.4
      vertex 56.4 2.4 40.4
    endloop
  endfacet
  facet normal -0 0 1
    outer loop
      vertex 56.4 2.4 36.4
      vertex 59.4 0 36.4
      vertex 59.4 2.4 36.4
    endloop
  endfacet
  facet normal 0 0 1
    outer loop
      vertex 59.4 0 36.4
      vertex 56.4 2.4 36.4
      vertex 56.4 0 36.4
    endloop
  endfacet
  facet normal 1 -0 0
    outer loop
      vertex 56.4 0 40.4
      vertex 56.4 2.4 36.4
      vertex 56.4 2.4 40.4
    endloop
  endfacet
  facet normal 1 0 0
    outer loop
      vertex 56.4 2.4 36.4
      vertex 56.4 0 40.4
      vertex 56.4 0 36.4
    endloop
  endfacet
  facet normal -1 0 0
    outer loop
      vertex 59.4 32.8 36.4
      vertex 59.4 35.2 40.4
      vertex 59.4 35.2 36.4
    endloop
  endfacet
  facet normal -1 -0 0
    outer loop
      vertex 59.4 35.2 40.4
      vertex 59.4 32.8 36.4
      vertex 59.4 32.8 40.4
    endloop
  endfacet
  facet normal 0 0 -1
    outer loop
      vertex 56.4 32.8 40.4
      vertex 59.4 35.2 40.4
      vertex 59.4 32.8 40.4
    endloop
  endfacet
  facet normal -0 0 -1
    outer loop
      vertex 59.4 35.2 40.4
      vertex 56.4 32.8 40.4
      vertex 56.4 35.2 40.4
    endloop
  endfacet
  facet normal -0 0 1
    outer loop
      vertex 56.4 35.2 36.4
      vertex 59.4 32.8 36.4
      vertex 59.4 35.2 36.4
    endloop
  endfacet
  facet normal 0 0 1
    outer loop
      vertex 59.4 32.8 36.4
      vertex 56.4 35.2 36.4
      vertex 56.4 32.8 36.4
    endloop
  endfacet
  facet normal 1 -0 0
    outer loop
      vertex 56.4 32.8 40.4
      vertex 56.4 35.2 36.4
      vertex 56.4 35.2 40.4
    endloop
  endfacet
  facet normal 1 0 0
    outer loop
      vertex 56.4 35.2 36.4
      vertex 56.4 32.8 40.4
      vertex 56.4 32.8 36.4
    endloop
  endfacet
  facet normal -1 0 0
    outer loop
      vertex 71.4 0 36.4
      vertex 71.4 2.4 40.4
      vertex 71.4 2.4 36.4
    endloop
  endfacet
  facet normal -1 -0 0
    outer loop
      vertex 71.4 2.4 40.4
      vertex 71.4 0 36.4
      vertex 71.4 0 40.4
    endloop
  endfacet
  facet normal 0 0 -1
    outer loop
      vertex 68.4 0 40.4
      vertex 71.4 2.4 40.4
      vertex 71.4 0 40.4
    endloop
  endfacet
  facet normal -0 0 -1
    outer loop
      vertex 71.4 2.4 40.4
      vertex 68.4 0 40.4
      vertex 68.4 2.4 40.4
    endloop
  endfacet
  facet normal -0 0 1
    outer loop
      vertex 68.4 2.4 36.4
      vertex 71.4 0 36.4
      vertex 71.4 2.4 36.4
    endloop
  endfacet
  facet normal 0 0 1
    outer loop
      vertex 71.4 0 36.4
      vertex 68.4 2.4 36.4
      vertex 68.4 0 36.4
    endloop
  endfacet
  facet normal 1 -0 0
    outer loop
      vertex 68.4 0 40.4
      vertex 68.4 2.4 36.4
      vertex 68.4 2.4 40.4
    endloop
  endfacet
  facet normal 1 0 0
    outer loop
      vertex 68.4 2.4 36.4
      vertex 68.4 0 40.4
      vertex 68.4 0 36.4
    endloop
  endfacet
  facet normal -1 0 0
    outer loop
      vertex 71.4 32.8 36.4
      vertex 71.4 35.2 40.4
      vertex 71.4 35.2 36.4
    endloop
  endfacet
  facet normal -1 -0 0
    outer loop
      vertex 71.4 35.2 40.4
      vertex 71.4 32.8 36.4
      vertex 71.4 32.8 40.4
    endloop
  endfacet
  facet normal 0 0 -1
    outer loop
      vertex 68.4 32.8 40.4
      vertex 71.4 35.2 40.4
      vertex 71.4 32.8 40.4
    endloop
  endfacet
  facet normal -0 0 -1
    outer loop
      vertex 71.4 35.2 40.4
      vertex 68.4 32.8 40.4
      vertex 68.4 35.2 40.4
    endloop
  endfacet
  facet normal -0 0 1
    outer loop
      vertex 68.4 35.2 36.4
      vertex 71.4 32.8 36.4
      vertex 71.4 35.2 36.4
    endloop
  endfacet
  facet normal 0 0 1
    outer loop
      vertex 71.4 32.8 36.4
      vertex 68.4 35.2 36.4
      vertex 68.4 32.8 36.4
    endloop
  endfacet
  facet normal 1 -0 0
    outer loop
      vertex 68.4 32.8 40.4
      vertex 68.4 35.2 36.4
      vertex 68.4 35.2 40.4
    endloop
  endfacet
  facet normal 1 0 0
    outer loop
      vertex 68.4 35.2 36.4
      vertex 68.4 32.8 40.4
      vertex 68.4 32.8 36.4
    endloop
  endfacet
  facet normal -1 0 0
    outer loop
      vertex 83.4 0 36.4
      vertex 83.4 2.4 40.4
      vertex 83.4 2.4 36.4
    endloop
  endfacet
  facet normal -1 -0 0
    outer loop
      vertex 83.4 2.4 40.4
      vertex 83.4 0 36.4
      vertex 83.4 0 40.4
    endloop
  endfacet
  facet normal 0 0 -1
    outer loop
      vertex 80.4 0 40.4
      vertex 83.4 2.4 40.4
      vertex 83.4 0 40.4
    endloop
  endfacet
  facet normal -0 0 -1
    outer loop
      vertex 83.4 2.4 40.4
      vertex 80.4 0 40.4
      vertex 80.4 2.4 40.4
    endloop
  endfacet
  facet normal -0 0 1
    outer loop
      vertex 80.4 2.4 36.4
      vertex 83.4 0 36.4
      vertex 83.4 2.4 36.4
    endloop
  endfacet
  facet normal 0 0 1
    outer loop
      vertex 83.4 0 36.4
      vertex 80.4 2.4 36.4
      vertex 80.4 0 36.4
    endloop
  endfacet
  facet normal 1 -0 0
    outer loop
      vertex 80.4 0 40.4
      vertex 80.4 2.4 36.4
      vertex 80.4 2.4 40.4
    endloop
  endfacet
  facet normal 1 0 0
    outer loop
      vertex 80.4 2.4 36.4
      vertex 80.4 0 40.4
      vertex 80.4 0 36.4
    endloop
  endfacet
  facet normal -1 0 0
    outer loop
      vertex 83.4 32.8 36.4
      vertex 83.4 35.2 40.4
      vertex 83.4 35.2 36.4
    endloop
  endfacet
  facet normal -1 -0 0
    outer loop
      vertex 83.4 35.2 40.4
      vertex 83.4 32.8 36.4
      vertex 83.4 32.8 40.4
    endloop
  endfacet
  facet normal 0 0 -1
    outer loop
      vertex 80.4 32.8 40.4
      vertex 83.4 35.2 40.4
      vertex 83.4 32.8 40.4
    endloop
  endfacet
  facet normal -0 0 -1
    outer loop
      vertex 83.4 35.2 40.4
      vertex 80.4 32.8 40.4
      vertex 80.4 35.2 40.4
    endloop
  endfacet
  facet normal -0 0 1
    outer loop
      vertex 80.4 35.2 36.4
      vertex 83.4 32.8 36.4
      vertex 83.4 35.2 36.4
    endloop
  endfacet
  facet normal 0 0 1
    outer loop
      vertex 83.4 32.8 36.4
      vertex 80.4 35.2 36.4
      vertex 80.4 32.8 36.4
    endloop
  endfacet
  facet normal 1 -0 0
    outer loop
      vertex 80.4 32.8 40.4
      vertex 80.4 35.2 36.4
      vertex 80.4 35.2 40.4
    endloop
  endfacet
  facet normal 1 0 0
    outer loop
      vertex 80.4 35.2 36.4
      vertex 80.4 32.8 40.4
      vertex 80.4 32.8 36.4
    endloop
  endfacet
  facet normal -1 0 0
    outer loop
      vertex 13.4 8.4 0
      vertex 13.4 26.8 2.4
      vertex 13.4 26.8 0
    endloop
  endfacet
  facet normal -1 -0 0
    outer loop
      vertex 13.4 26.8 2.4
      vertex 13.4 8.4 0
      vertex 13.4 8.4 2.4
    endloop
  endfacet
  facet normal 1 -0 0
    outer loop
      vertex 10.4 8.4 2.4
      vertex 10.4 26.8 0
      vertex 10.4 26.8 2.4
    endloop
  endfacet
  facet normal 1 0 0
    outer loop
      vertex 10.4 26.8 0
      vertex 10.4 8.4 2.4
      vertex 10.4 8.4 0
    endloop
  endfacet
  facet normal 0 -1 0
    outer loop
      vertex 10.4 26.8 0
      vertex 13.4 26.8 2.4
      vertex 10.4 26.8 2.4
    endloop
  endfacet
  facet normal 0 -1 -0
    outer loop
      vertex 13.4 26.8 2.4
      vertex 10.4 26.8 0
      vertex 13.4 26.8 0
    endloop
  endfacet
  facet normal 0 1 -0
    outer loop
      vertex 13.4 8.4 0
      vertex 10.4 8.4 2.4
      vertex 13.4 8.4 2.4
    endloop
  endfacet
  facet normal 0 1 0
    outer loop
      vertex 10.4 8.4 2.4
      vertex 13.4 8.4 0
      vertex 10.4 8.4 0
    endloop
  endfacet
  facet normal -1 0 0
    outer loop
      vertex 31.4 8.4 0
      vertex 31.4 26.8 2.4
      vertex 31.4 26.8 0
    endloop
  endfacet
  facet normal -1 -0 0
    outer loop
      vertex 31.4 26.8 2.4
      vertex 31.4 8.4 0
      vertex 31.4 8.4 2.4
    endloop
  endfacet
  facet normal 1 -0 0
    outer loop
      vertex 28.4 8.4 2.4
      vertex 28.4 26.8 0
      vertex 28.4 26.8 2.4
    endloop
  endfacet
  facet normal 1 0 0
    outer loop
      vertex 28.4 26.8 0
      vertex 28.4 8.4 2.4
      vertex 28.4 8.4 0
    endloop
  endfacet
  facet normal 0 -1 0
    outer loop
      vertex 28.4 26.8 0
      vertex 31.4 26.8 2.4
      vertex 28.4 26.8 2.4
    endloop
  endfacet
  facet normal 0 -1 -0
    outer loop
      vertex 31.4 26.8 2.4
      vertex 28.4 26.8 0
      vertex 31.4 26.8 0
    endloop
  endfacet
  facet normal 0 1 -0
    outer loop
      vertex 31.4 8.4 0
      vertex 28.4 8.4 2.4
      vertex 31.4 8.4 2.4
    endloop
  endfacet
  facet normal 0 1 0
    outer loop
      vertex 28.4 8.4 2.4
      vertex 31.4 8.4 0
      vertex 28.4 8.4 0
    endloop
  endfacet
  facet normal -1 0 0
    outer loop
      vertex 49.4 8.4 0
      vertex 49.4 26.8 2.4
      vertex 49.4 26.8 0
    endloop
  endfacet
  facet normal -1 -0 0
    outer loop
      vertex 49.4 26.8 2.4
      vertex 49.4 8.4 0
      vertex 49.4 8.4 2.4
    endloop
  endfacet
  facet normal 1 -0 0
    outer loop
      vertex 46.4 8.4 2.4
      vertex 46.4 26.8 0
      vertex 46.4 26.8 2.4
    endloop
  endfacet
  facet normal 1 0 0
    outer loop
      vertex 46.4 26.8 0
      vertex 46.4 8.4 2.4
      vertex 46.4 8.4 0
    endloop
  endfacet
  facet normal 0 -1 0
    outer loop
      vertex 46.4 26.8 0
      vertex 49.4 26.8 2.4
      vertex 46.4 26.8 2.4
    endloop
  endfacet
  facet normal 0 -1 -0
    outer loop
      vertex 49.4 26.8 2.4
      vertex 46.4 26.8 0
      vertex 49.4 26.8 0
    endloop
  endfacet
  facet normal 0 1 -0
    outer loop
      vertex 49.4 8.4 0
      vertex 46.4 8.4 2.4
      vertex 49.4 8.4 2.4
    endloop
  endfacet
  facet normal 0 1 0
    outer loop
      vertex 46.4 8.4 2.4
      vertex 49.4 8.4 0
      vertex 46.4 8.4 0
    endloop
  endfacet
  facet normal -1 0 0
    outer loop
      vertex 67.4 8.4 0
      vertex 67.4 26.8 2.4
      vertex 67.4 26.8 0
    endloop
  endfacet
  facet normal -1 -0 0
    outer loop
      vertex 67.4 26.8 2.4
      vertex 67.4 8.4 0
      vertex 67.4 8.4 2.4
    endloop
  endfacet
  facet normal 1 -0 0
    outer loop
      vertex 64.4 8.4 2.4
      vertex 64.4 26.8 0
      vertex 64.4 26.8 2.4
    endloop
  endfacet
  facet normal 1 0 0
    outer loop
      vertex 64.4 26.8 0
      vertex 64.4 8.4 2.4
      vertex 64.4 8.4 0
    endloop
  endfacet
  facet normal 0 -1 0
    outer loop
      vertex 64.4 26.8 0
      vertex 67.4 26.8 2.4
      vertex 64.4 26.8 2.4
    endloop
  endfacet
  facet normal 0 -1 -0
    outer loop
      vertex 67.4 26.8 2.4
      vertex 64.4 26.8 0
      vertex 67.4 26.8 0
    endloop
  endfacet
  facet normal 0 1 -0
    outer loop
      vertex 67.4 8.4 0
      vertex 64.4 8.4 2.4
      vertex 67.4 8.4 2.4
    endloop
  endfacet
  facet normal 0 1 0
    outer loop
      vertex 64.4 8.4 2.4
      vertex 67.4 8.4 0
      vertex 64.4 8.4 0
    endloop
  endfacet
  facet normal -1 0 0
    outer loop
      vertex 85.4 25.9825 0
      vertex 85.4 26.8 2.4
      vertex 85.4 26.8 0
    endloop
  endfacet
  facet normal -1 0 0
    outer loop
      vertex 85.4 24.4175 0
      vertex 85.4 26.8 2.4
      vertex 85.4 25.9825 0
    endloop
  endfacet
  facet normal -1 0 0
    outer loop
      vertex 85.4 8.4 2.4
      vertex 85.4 24.4175 0
      vertex 85.4 8.4 0
    endloop
  endfacet
  facet normal -1 0 0
    outer loop
      vertex 85.4 24.4175 0
      vertex 85.4 8.4 2.4
      vertex 85.4 26.8 2.4
    endloop
  endfacet
  facet normal 1 -0 0
    outer loop
      vertex 82.4 8.4 2.4
      vertex 82.4 26.8 0
      vertex 82.4 26.8 2.4
    endloop
  endfacet
  facet normal 1 0 0
    outer loop
      vertex 82.4 26.8 0
      vertex 82.4 8.4 2.4
      vertex 82.4 8.4 0
    endloop
  endfacet
  facet normal 0 -1 0
    outer loop
      vertex 82.4 26.8 0
      vertex 85.4 26.8 2.4
      vertex 82.4 26.8 2.4
    endloop
  endfacet
  facet normal 0 -1 -0
    outer loop
      vertex 85.4 26.8 2.4
      vertex 82.4 26.8 0
      vertex 85.4 26.8 0
    endloop
  endfacet
  facet normal 0 1 -0
    outer loop
      vertex 85.4 8.4 0
      vertex 82.4 8.4 2.4
      vertex 85.4 8.4 2.4
    endloop
  endfacet
  facet normal 0 1 0
    outer loop
      vertex 82.4 8.4 2.4
      vertex 85.4 8.4 0
      vertex 82.4 8.4 0
    endloop
  endfacet
  facet normal -1 0 0
    outer loop
      vertex 81.4 7.4 0
      vertex 81.4 11.4 2.4
      vertex 81.4 11.4 0
    endloop
  endfacet
  facet normal -1 -0 0
    outer loop
      vertex 81.4 11.4 2.4
      vertex 81.4 7.4 0
      vertex 81.4 7.4 2.4
    endloop
  endfacet
  facet normal 1 -0 0
    outer loop
      vertex 77.4 7.4 2.4
      vertex 77.4 11.4 0
      vertex 77.4 11.4 2.4
    endloop
  endfacet
  facet normal 1 0 0
    outer loop
      vertex 77.4 11.4 0
      vertex 77.4 7.4 2.4
      vertex 77.4 7.4 0
    endloop
  endfacet
  facet normal 0 -1 0
    outer loop
      vertex 77.4 11.4 0
      vertex 81.4 11.4 2.4
      vertex 77.4 11.4 2.4
    endloop
  endfacet
  facet normal 0 -1 -0
    outer loop
      vertex 81.4 11.4 2.4
      vertex 77.4 11.4 0
      vertex 81.4 11.4 0
    endloop
  endfacet
  facet normal 0 1 -0
    outer loop
      vertex 81.4 7.4 0
      vertex 77.4 7.4 2.4
      vertex 81.4 7.4 2.4
    endloop
  endfacet
  facet normal 0 1 0
    outer loop
      vertex 77.4 7.4 2.4
      vertex 81.4 7.4 0
      vertex 77.4 7.4 0
    endloop
  endfacet
  facet normal -1 0 0
    outer loop
      vertex 81.4 23.8 0
      vertex 81.4 27.8 2.4
      vertex 81.4 27.8 0
    endloop
  endfacet
  facet normal -1 -0 0
    outer loop
      vertex 81.4 27.8 2.4
      vertex 81.4 23.8 0
      vertex 81.4 23.8 2.4
    endloop
  endfacet
  facet normal 1 -0 0
    outer loop
      vertex 77.4 23.8 2.4
      vertex 77.4 27.8 0
      vertex 77.4 27.8 2.4
    endloop
  endfacet
  facet normal 1 0 0
    outer loop
      vertex 77.4 27.8 0
      vertex 77.4 23.8 2.4
      vertex 77.4 23.8 0
    endloop
  endfacet
  facet normal 0 -1 0
    outer loop
      vertex 77.4 27.8 0
      vertex 81.4 27.8 2.4
      vertex 77.4 27.8 2.4
    endloop
  endfacet
  facet normal 0 -1 -0
    outer loop
      vertex 81.4 27.8 2.4
      vertex 77.4 27.8 0
      vertex 81.4 27.8 0
    endloop
  endfacet
  facet normal 0 1 -0
    outer loop
      vertex 81.4 23.8 0
      vertex 77.4 23.8 2.4
      vertex 81.4 23.8 2.4
    endloop
  endfacet
  facet normal 0 1 0
    outer loop
      vertex 77.4 23.8 2.4
      vertex 81.4 23.8 0
      vertex 77.4 23.8 0
    endloop
  endfacet
  facet normal 1 0 0
    outer loop
      vertex 98.8 35.2 46
      vertex 98.8 25.6 36.4
      vertex 98.8 35.2 0
    endloop
  endfacet
  facet normal 1 0 0
    outer loop
      vertex 98.8 35.2 46
      vertex 98.8 25.4785 37.7892
      vertex 98.8 25.6 36.4
    endloop
  endfacet
  facet normal 1 0 0
    outer loop
      vertex 98.8 35.2 46
      vertex 98.8 25.1175 39.1362
      vertex 98.8 25.4785 37.7892
    endloop
  endfacet
  facet normal 1 0 0
    outer loop
      vertex 98.8 35.2 46
      vertex 98.8 24.5282 40.4
      vertex 98.8 25.1175 39.1362
    endloop
  endfacet
  facet normal 1 0 0
    outer loop
      vertex 98.8 35.2 46
      vertex 98.8 23.7284 41.5423
      vertex 98.8 24.5282 40.4
    endloop
  endfacet
  facet normal 1 0 0
    outer loop
      vertex 98.8 35.2 46
      vertex 98.8 22.7423 42.5284
      vertex 98.8 23.7284 41.5423
    endloop
  endfacet
  facet normal 1 0 0
    outer loop
      vertex 98.8 35.2 46
      vertex 98.8 21.6 43.3282
      vertex 98.8 22.7423 42.5284
    endloop
  endfacet
  facet normal 1 0 0
    outer loop
      vertex 98.8 35.2 46
      vertex 98.8 20.3362 43.9175
      vertex 98.8 21.6 43.3282
    endloop
  endfacet
  facet normal 1 0 0
    outer loop
      vertex 98.8 35.2 46
      vertex 98.8 18.9892 44.2785
      vertex 98.8 20.3362 43.9175
    endloop
  endfacet
  facet normal 1 0 0
    outer loop
      vertex 98.8 35.2 46
      vertex 98.8 17.6 44.4
      vertex 98.8 18.9892 44.2785
    endloop
  endfacet
  facet normal 1 -0 0
    outer loop
      vertex 98.8 0 46
      vertex 98.8 17.6 44.4
      vertex 98.8 35.2 46
    endloop
  endfacet
  facet normal 1 0 0
    outer loop
      vertex 98.8 0 0
      vertex 98.8 9.6 36.4
      vertex 98.8 0 46
    endloop
  endfacet
  facet normal 1 0 0
    outer loop
      vertex 98.8 9.72154 37.7892
      vertex 98.8 0 46
      vertex 98.8 9.6 36.4
    endloop
  endfacet
  facet normal 1 0 0
    outer loop
      vertex 98.8 10.0825 39.1362
      vertex 98.8 0 46
      vertex 98.8 9.72154 37.7892
    endloop
  endfacet
  facet normal 1 0 0
    outer loop
      vertex 98.8 10.6718 40.4
      vertex 98.8 0 46
      vertex 98.8 10.0825 39.1362
    endloop
  endfacet
  facet normal 1 0 0
    outer loop
      vertex 98.8 11.4716 41.5423
      vertex 98.8 0 46
      vertex 98.8 10.6718 40.4
    endloop
  endfacet
  facet normal 1 0 0
    outer loop
      vertex 98.8 12.4577 42.5284
      vertex 98.8 0 46
      vertex 98.8 11.4716 41.5423
    endloop
  endfacet
  facet normal 1 0 0
    outer loop
      vertex 98.8 13.6 43.3282
      vertex 98.8 0 46
      vertex 98.8 12.4577 42.5284
    endloop
  endfacet
  facet normal 1 0 0
    outer loop
      vertex 98.8 14.8638 43.9175
      vertex 98.8 0 46
      vertex 98.8 13.6 43.3282
    endloop
  endfacet
  facet normal 1 0 0
    outer loop
      vertex 98.8 16.2108 44.2785
      vertex 98.8 0 46
      vertex 98.8 14.8638 43.9175
    endloop
  endfacet
  facet normal 1 0 0
    outer loop
      vertex 98.8 17.6 44.4
      vertex 98.8 0 46
      vertex 98.8 16.2108 44.2785
    endloop
  endfacet
  facet normal 1 -0 0
    outer loop
      vertex 98.8 25.6 6.4
      vertex 98.8 35.2 0
      vertex 98.8 25.6 36.4
    endloop
  endfacet
  facet normal 1 -0 0
    outer loop
      vertex 98.8 25.4785 5.01081
      vertex 98.8 35.2 0
      vertex 98.8 25.6 6.4
    endloop
  endfacet
  facet normal 1 -0 0
    outer loop
      vertex 98.8 25.1175 3.66384
      vertex 98.8 35.2 0
      vertex 98.8 25.4785 5.01081
    endloop
  endfacet
  facet normal 1 -0 0
    outer loop
      vertex 98.8 24.5282 2.4
      vertex 98.8 35.2 0
      vertex 98.8 25.1175 3.66384
    endloop
  endfacet
  facet normal 1 -0 0
    outer loop
      vertex 98.8 23.7284 1.2577
      vertex 98.8 35.2 0
      vertex 98.8 24.5282 2.4
    endloop
  endfacet
  facet normal 1 -0 0
    outer loop
      vertex 98.8 22.7423 0.271644
      vertex 98.8 35.2 0
      vertex 98.8 23.7284 1.2577
    endloop
  endfacet
  facet normal 1 0 0
    outer loop
      vertex 98.8 35.2 0
      vertex 98.8 22.7423 0.271644
      vertex 98.8 22.3544 0
    endloop
  endfacet
  facet normal 1 0 0
    outer loop
      vertex 98.8 9.6 36.4
      vertex 98.8 0 0
      vertex 98.8 9.6 6.4
    endloop
  endfacet
  facet normal 1 0 0
    outer loop
      vertex 98.8 12.4577 0.271644
      vertex 98.8 0 0
      vertex 98.8 12.8456 0
    endloop
  endfacet
  facet normal 1 0 0
    outer loop
      vertex 98.8 11.4716 1.2577
      vertex 98.8 0 0
      vertex 98.8 12.4577 0.271644
    endloop
  endfacet
  facet normal 1 0 0
    outer loop
      vertex 98.8 10.6718 2.4
      vertex 98.8 0 0
      vertex 98.8 11.4716 1.2577
    endloop
  endfacet
  facet normal 1 0 0
    outer loop
      vertex 98.8 10.0825 3.66384
      vertex 98.8 0 0
      vertex 98.8 10.6718 2.4
    endloop
  endfacet
  facet normal 1 0 0
    outer loop
      vertex 98.8 9.72154 5.01081
      vertex 98.8 0 0
      vertex 98.8 10.0825 3.66384
    endloop
  endfacet
  facet normal 1 0 0
    outer loop
      vertex 98.8 9.6 6.4
      vertex 98.8 0 0
      vertex 98.8 9.72154 5.01081
    endloop
  endfacet
  facet normal 0 0 1
    outer loop
      vertex 98.8 35.2 46
      vertex 96.4 32.8 46
      vertex 98.8 0 46
    endloop
  endfacet
  facet normal 0 0 1
    outer loop
      vertex 98.8 35.2 46
      vertex 2.4 32.8 46
      vertex 96.4 32.8 46
    endloop
  endfacet
  facet normal 0 0 1
    outer loop
      vertex 2.4 32.8 46
      vertex 0 35.2 46
      vertex 2.4 2.4 46
    endloop
  endfacet
  facet normal -0 0 1
    outer loop
      vertex 0 35.2 46
      vertex 2.4 32.8 46
      vertex 98.8 35.2 46
    endloop
  endfacet
  facet normal -0 0 1
    outer loop
      vertex 96.4 2.4 46
      vertex 98.8 0 46
      vertex 96.4 32.8 46
    endloop
  endfacet
  facet normal -0 0 1
    outer loop
      vertex 2.4 2.4 46
      vertex 98.8 0 46
      vertex 96.4 2.4 46
    endloop
  endfacet
  facet normal 0 0 1
    outer loop
      vertex 2.4 2.4 46
      vertex 0 0 46
      vertex 98.8 0 46
    endloop
  endfacet
  facet normal 0 0 1
    outer loop
      vertex 0 0 46
      vertex 2.4 2.4 46
      vertex 0 35.2 46
    endloop
  endfacet
  facet normal 0 0 1
    outer loop
      vertex 85.3 25.2 0
      vertex 85.4 25.9825 0
      vertex 85.3532 25.8078 0
    endloop
  endfacet
  facet normal 0 0 1
    outer loop
      vertex 85.4 25.9825 0
      vertex 85.3 25.2 0
      vertex 85.4 24.4175 0
    endloop
  endfacet
  facet normal 0 0 1
    outer loop
      vertex 85.4 24.4175 0
      vertex 85.3 25.2 0
      vertex 85.3532 24.5922 0
    endloop
  endfacet
  facet normal 0 0 -1
    outer loop
      vertex 9.28892 7.19707 0
      vertex 10.4 8.4 0
      vertex 9.44683 6.60777 0
    endloop
  endfacet
  facet normal 0 0 -1
    outer loop
      vertex 10.4 8.4 0
      vertex 9.44683 24.5922 0
      vertex 9.5 25.2 0
    endloop
  endfacet
  facet normal 0 0 -1
    outer loop
      vertex 9.03109 7.75 0
      vertex 10.4 8.4 0
      vertex 9.28892 7.19707 0
    endloop
  endfacet
  facet normal 0 0 -1
    outer loop
      vertex 10.4 8.4 0
      vertex 9.28892 24.0029 0
      vertex 9.44683 24.5922 0
    endloop
  endfacet
  facet normal 0 0 -1
    outer loop
      vertex 8.68116 8.24976 0
      vertex 10.4 8.4 0
      vertex 9.03109 7.75 0
    endloop
  endfacet
  facet normal 0 0 -1
    outer loop
      vertex 10.4 8.4 0
      vertex 9.03109 23.45 0
      vertex 9.28892 24.0029 0
    endloop
  endfacet
  facet normal 0 0 -1
    outer loop
      vertex 8.24976 8.68116 0
      vertex 10.4 8.4 0
      vertex 8.68116 8.24976 0
    endloop
  endfacet
  facet normal 0 0 -1
    outer loop
      vertex 10.4 8.4 0
      vertex 8.68116 22.9502 0
      vertex 9.03109 23.45 0
    endloop
  endfacet
  facet normal 0 0 -1
    outer loop
      vertex 7.75 9.03109 0
      vertex 10.4 8.4 0
      vertex 8.24976 8.68116 0
    endloop
  endfacet
  facet normal 0 0 -1
    outer loop
      vertex 10.4 8.4 0
      vertex 8.24976 22.5188 0
      vertex 8.68116 22.9502 0
    endloop
  endfacet
  facet normal 0 0 -1
    outer loop
      vertex 7.75 22.1689 0
      vertex 10.4 8.4 0
      vertex 7.75 9.03109 0
    endloop
  endfacet
  facet normal 0 0 -1
    outer loop
      vertex 10.4 8.4 0
      vertex 7.75 22.1689 0
      vertex 8.24976 22.5188 0
    endloop
  endfacet
  facet normal 0 0 -1
    outer loop
      vertex 7.19707 9.28892 0
      vertex 7.75 22.1689 0
      vertex 7.75 9.03109 0
    endloop
  endfacet
  facet normal 0 0 -1
    outer loop
      vertex 7.19707 9.28892 0
      vertex 7.19707 21.9111 0
      vertex 7.75 22.1689 0
    endloop
  endfacet
  facet normal 0 0 -1
    outer loop
      vertex 6.60777 9.44683 0
      vertex 7.19707 21.9111 0
      vertex 7.19707 9.28892 0
    endloop
  endfacet
  facet normal 0 0 -1
    outer loop
      vertex 6.60777 9.44683 0
      vertex 6.60777 21.7532 0
      vertex 7.19707 21.9111 0
    endloop
  endfacet
  facet normal 0 0 -1
    outer loop
      vertex 6 9.5 0
      vertex 6.60777 21.7532 0
      vertex 6.60777 9.44683 0
    endloop
  endfacet
  facet normal 0 0 -1
    outer loop
      vertex 6 9.5 0
      vertex 6 21.7 0
      vertex 6.60777 21.7532 0
    endloop
  endfacet
  facet normal 0 0 -1
    outer loop
      vertex 5.39223 9.44683 0
      vertex 6 21.7 0
      vertex 6 9.5 0
    endloop
  endfacet
  facet normal 0 0 -1
    outer loop
      vertex 5.39223 9.44683 0
      vertex 5.39223 21.7532 0
      vertex 6 21.7 0
    endloop
  endfacet
  facet normal 0 0 -1
    outer loop
      vertex 4.80293 9.28892 0
      vertex 5.39223 21.7532 0
      vertex 5.39223 9.44683 0
    endloop
  endfacet
  facet normal 0 0 -1
    outer loop
      vertex 4.80293 9.28892 0
      vertex 4.80293 21.9111 0
      vertex 5.39223 21.7532 0
    endloop
  endfacet
  facet normal 0 0 -1
    outer loop
      vertex 4.25 9.03109 0
      vertex 4.80293 21.9111 0
      vertex 4.80293 9.28892 0
    endloop
  endfacet
  facet normal 0 0 -1
    outer loop
      vertex 4.25 9.03109 0
      vertex 4.25 22.1689 0
      vertex 4.80293 21.9111 0
    endloop
  endfacet
  facet normal 0 0 -1
    outer loop
      vertex 3.75024 8.68116 0
      vertex 4.25 22.1689 0
      vertex 4.25 9.03109 0
    endloop
  endfacet
  facet normal 0 0 -1
    outer loop
      vertex 3.75024 8.68116 0
      vertex 3.75024 22.5188 0
      vertex 4.25 22.1689 0
    endloop
  endfacet
  facet normal 0 0 -1
    outer loop
      vertex 3.31884 8.24976 0
      vertex 3.75024 22.5188 0
      vertex 3.75024 8.68116 0
    endloop
  endfacet
  facet normal 0 0 -1
    outer loop
      vertex 3.31884 8.24976 0
      vertex 3.31884 22.9502 0
      vertex 3.75024 22.5188 0
    endloop
  endfacet
  facet normal 0 0 -1
    outer loop
      vertex 2.96891 7.75 0
      vertex 3.31884 22.9502 0
      vertex 3.31884 8.24976 0
    endloop
  endfacet
  facet normal 0 0 -1
    outer loop
      vertex 2.96891 7.75 0
      vertex 2.96891 23.45 0
      vertex 3.31884 22.9502 0
    endloop
  endfacet
  facet normal 0 0 -1
    outer loop
      vertex 2.71108 7.19707 0
      vertex 2.96891 23.45 0
      vertex 2.96891 7.75 0
    endloop
  endfacet
  facet normal 0 0 -1
    outer loop
      vertex 2.71108 7.19707 0
      vertex 2.71108 24.0029 0
      vertex 2.96891 23.45 0
    endloop
  endfacet
  facet normal 0 0 -1
    outer loop
      vertex 2.55317 6.60777 0
      vertex 2.71108 24.0029 0
      vertex 2.71108 7.19707 0
    endloop
  endfacet
  facet normal 0 0 -1
    outer loop
      vertex 2.55317 6.60777 0
      vertex 2.55317 24.5922 0
      vertex 2.71108 24.0029 0
    endloop
  endfacet
  facet normal 0 0 -1
    outer loop
      vertex 0 0 0
      vertex 2.55317 6.60777 0
      vertex 2.5 6 0
    endloop
  endfacet
  facet normal -0 0 -1
    outer loop
      vertex 2.55317 6.60777 0
      vertex 0 0 0
      vertex 2.55317 24.5922 0
    endloop
  endfacet
  facet normal 0 0 -1
    outer loop
      vertex 77.4 11.4 0
      vertex 81.4 23.8 0
      vertex 81.4 11.4 0
    endloop
  endfacet
  facet normal -0 0 -1
    outer loop
      vertex 81.4 23.8 0
      vertex 77.4 11.4 0
      vertex 77.4 23.8 0
    endloop
  endfacet
  facet normal 0 0 -1
    outer loop
      vertex 92.0889 7.19707 0
      vertex 95.4 12.8456 0
      vertex 92.2468 6.60777 0
    endloop
  endfacet
  facet normal 0 0 -1
    outer loop
      vertex 95.4 12.8456 0
      vertex 92.2468 24.5922 0
      vertex 92.3 25.2 0
    endloop
  endfacet
  facet normal 0 0 -1
    outer loop
      vertex 91.8311 7.75 0
      vertex 95.4 12.8456 0
      vertex 92.0889 7.19707 0
    endloop
  endfacet
  facet normal 0 0 -1
    outer loop
      vertex 95.4 12.8456 0
      vertex 92.0889 24.0029 0
      vertex 92.2468 24.5922 0
    endloop
  endfacet
  facet normal 0 0 -1
    outer loop
      vertex 91.4812 8.24976 0
      vertex 95.4 12.8456 0
      vertex 91.8311 7.75 0
    endloop
  endfacet
  facet normal 0 0 -1
    outer loop
      vertex 95.4 12.8456 0
      vertex 91.8311 23.45 0
      vertex 92.0889 24.0029 0
    endloop
  endfacet
  facet normal 0 0 -1
    outer loop
      vertex 91.0498 8.68116 0
      vertex 95.4 12.8456 0
      vertex 91.4812 8.24976 0
    endloop
  endfacet
  facet normal 0 0 -1
    outer loop
      vertex 95.4 12.8456 0
      vertex 91.4812 22.9502 0
      vertex 91.8311 23.45 0
    endloop
  endfacet
  facet normal 0 0 -1
    outer loop
      vertex 90.55 9.03109 0
      vertex 95.4 12.8456 0
      vertex 91.0498 8.68116 0
    endloop
  endfacet
  facet normal 0 0 -1
    outer loop
      vertex 95.4 12.8456 0
      vertex 91.0498 22.5188 0
      vertex 91.4812 22.9502 0
    endloop
  endfacet
  facet normal 0 0 -1
    outer loop
      vertex 89.9971 9.28892 0
      vertex 95.4 12.8456 0
      vertex 90.55 9.03109 0
    endloop
  endfacet
  facet normal 0 0 -1
    outer loop
      vertex 95.4 12.8456 0
      vertex 90.55 22.1689 0
      vertex 91.0498 22.5188 0
    endloop
  endfacet
  facet normal 0 0 -1
    outer loop
      vertex 89.4078 9.44683 0
      vertex 95.4 12.8456 0
      vertex 89.9971 9.28892 0
    endloop
  endfacet
  facet normal 0 0 -1
    outer loop
      vertex 95.4 12.8456 0
      vertex 89.9971 21.9111 0
      vertex 90.55 22.1689 0
    endloop
  endfacet
  facet normal 0 0 -1
    outer loop
      vertex 89.4078 21.7532 0
      vertex 95.4 12.8456 0
      vertex 89.4078 9.44683 0
    endloop
  endfacet
  facet normal 0 0 -1
    outer loop
      vertex 95.4 12.8456 0
      vertex 89.4078 21.7532 0
      vertex 89.9971 21.9111 0
    endloop
  endfacet
  facet normal 0 0 -1
    outer loop
      vertex 88.8 9.5 0
      vertex 89.4078 21.7532 0
      vertex 89.4078 9.44683 0
    endloop
  endfacet
  facet normal 0 0 -1
    outer loop
      vertex 88.8 9.5 0
      vertex 88.8 21.7 0
      vertex 89.4078 21.7532 0
    endloop
  endfacet
  facet normal 0 0 -1
    outer loop
      vertex 88.1922 9.44683 0
      vertex 88.8 21.7 0
      vertex 88.8 9.5 0
    endloop
  endfacet
  facet normal 0 0 -1
    outer loop
      vertex 88.1922 9.44683 0
      vertex 88.1922 21.7532 0
      vertex 88.8 21.7 0
    endloop
  endfacet
  facet normal 0 0 -1
    outer loop
      vertex 87.6029 9.28892 0
      vertex 88.1922 21.7532 0
      vertex 88.1922 9.44683 0
    endloop
  endfacet
  facet normal 0 0 -1
    outer loop
      vertex 87.6029 9.28892 0
      vertex 87.6029 21.9111 0
      vertex 88.1922 21.7532 0
    endloop
  endfacet
  facet normal 0 0 -1
    outer loop
      vertex 87.05 9.03109 0
      vertex 87.6029 21.9111 0
      vertex 87.6029 9.28892 0
    endloop
  endfacet
  facet normal 0 0 -1
    outer loop
      vertex 87.05 9.03109 0
      vertex 87.05 22.1689 0
      vertex 87.6029 21.9111 0
    endloop
  endfacet
  facet normal 0 0 -1
    outer loop
      vertex 85.4 8.4 0
      vertex 87.05 9.03109 0
      vertex 86.5502 8.68116 0
    endloop
  endfacet
  facet normal -0 0 -1
    outer loop
      vertex 87.05 9.03109 0
      vertex 85.4 8.4 0
      vertex 87.05 22.1689 0
    endloop
  endfacet
  facet normal 0 0 -1
    outer loop
      vertex 85.4 8.4 0
      vertex 86.5502 8.68116 0
      vertex 86.1188 8.24976 0
    endloop
  endfacet
  facet normal -0 0 -1
    outer loop
      vertex 87.05 22.1689 0
      vertex 85.4 8.4 0
      vertex 86.5502 22.5188 0
    endloop
  endfacet
  facet normal 0 0 -1
    outer loop
      vertex 85.4 8.4 0
      vertex 86.1188 8.24976 0
      vertex 85.7689 7.75 0
    endloop
  endfacet
  facet normal -0 0 -1
    outer loop
      vertex 86.5502 22.5188 0
      vertex 85.4 8.4 0
      vertex 86.1188 22.9502 0
    endloop
  endfacet
  facet normal 0 0 -1
    outer loop
      vertex 85.4 8.4 0
      vertex 85.7689 7.75 0
      vertex 85.5111 7.19707 0
    endloop
  endfacet
  facet normal -0 0 -1
    outer loop
      vertex 86.1188 22.9502 0
      vertex 85.4 8.4 0
      vertex 85.7689 23.45 0
    endloop
  endfacet
  facet normal -0 0 -1
    outer loop
      vertex 85.7689 23.45 0
      vertex 85.4 8.4 0
      vertex 85.5111 24.0029 0
    endloop
  endfacet
  facet normal 0 0 -1
    outer loop
      vertex 82.4 8.4 0
      vertex 85.5111 7.19707 0
      vertex 85.3532 6.60777 0
    endloop
  endfacet
  facet normal 0 0 -1
    outer loop
      vertex 81.4 7.4 0
      vertex 85.3532 6.60777 0
      vertex 85.3 6 0
    endloop
  endfacet
  facet normal 0 0 -1
    outer loop
      vertex 85.5111 7.19707 0
      vertex 82.4 8.4 0
      vertex 85.4 8.4 0
    endloop
  endfacet
  facet normal 0 0 -1
    outer loop
      vertex 92.3 6 0
      vertex 98.8 12.8456 0
      vertex 98.8 0 0
    endloop
  endfacet
  facet normal -0 0 -1
    outer loop
      vertex 98.8 12.8456 0
      vertex 92.2468 6.60777 0
      vertex 95.4 12.8456 0
    endloop
  endfacet
  facet normal 0 0 -1
    outer loop
      vertex 92.2468 6.60777 0
      vertex 98.8 12.8456 0
      vertex 92.3 6 0
    endloop
  endfacet
  facet normal 0 0 -1
    outer loop
      vertex 98.8 0 0
      vertex 92.2468 5.39223 0
      vertex 92.3 6 0
    endloop
  endfacet
  facet normal 0 0 -1
    outer loop
      vertex 98.8 0 0
      vertex 92.0889 4.80293 0
      vertex 92.2468 5.39223 0
    endloop
  endfacet
  facet normal 0 0 -1
    outer loop
      vertex 98.8 0 0
      vertex 91.8311 4.25 0
      vertex 92.0889 4.80293 0
    endloop
  endfacet
  facet normal 0 0 -1
    outer loop
      vertex 98.8 0 0
      vertex 91.4812 3.75024 0
      vertex 91.8311 4.25 0
    endloop
  endfacet
  facet normal 0 0 -1
    outer loop
      vertex 98.8 0 0
      vertex 91.0498 3.31884 0
      vertex 91.4812 3.75024 0
    endloop
  endfacet
  facet normal 0 0 -1
    outer loop
      vertex 98.8 0 0
      vertex 90.55 2.96891 0
      vertex 91.0498 3.31884 0
    endloop
  endfacet
  facet normal 0 0 -1
    outer loop
      vertex 98.8 0 0
      vertex 89.9971 2.71108 0
      vertex 90.55 2.96891 0
    endloop
  endfacet
  facet normal 0 0 -1
    outer loop
      vertex 98.8 0 0
      vertex 89.4078 2.55317 0
      vertex 89.9971 2.71108 0
    endloop
  endfacet
  facet normal 0 0 -1
    outer loop
      vertex 98.8 0 0
      vertex 88.8 2.5 0
      vertex 89.4078 2.55317 0
    endloop
  endfacet
  facet normal 0 0 -1
    outer loop
      vertex 98.8 0 0
      vertex 88.1922 2.55317 0
      vertex 88.8 2.5 0
    endloop
  endfacet
  facet normal 0 0 -1
    outer loop
      vertex 81.4 7.4 0
      vertex 85.3 6 0
      vertex 85.3532 5.39223 0
    endloop
  endfacet
  facet normal 0 0 -1
    outer loop
      vertex 81.4 7.4 0
      vertex 85.3532 5.39223 0
      vertex 85.5111 4.80293 0
    endloop
  endfacet
  facet normal 0 0 -1
    outer loop
      vertex 81.4 7.4 0
      vertex 85.5111 4.80293 0
      vertex 85.7689 4.25 0
    endloop
  endfacet
  facet normal 0 0 -1
    outer loop
      vertex 77.4 7.4 0
      vertex 85.7689 4.25 0
      vertex 86.1188 3.75024 0
    endloop
  endfacet
  facet normal 0 0 -1
    outer loop
      vertex 81.4 11.4 0
      vertex 82.4 8.4 0
      vertex 81.4 7.4 0
    endloop
  endfacet
  facet normal 0 0 -1
    outer loop
      vertex 85.3532 6.60777 0
      vertex 81.4 7.4 0
      vertex 82.4 8.4 0
    endloop
  endfacet
  facet normal 0 0 -1
    outer loop
      vertex 77.4 7.4 0
      vertex 86.1188 3.75024 0
      vertex 86.5502 3.31884 0
    endloop
  endfacet
  facet normal 0 0 -1
    outer loop
      vertex 85.7689 4.25 0
      vertex 77.4 7.4 0
      vertex 81.4 7.4 0
    endloop
  endfacet
  facet normal 0 0 -1
    outer loop
      vertex 87.05 2.96891 0
      vertex 77.4 7.4 0
      vertex 86.5502 3.31884 0
    endloop
  endfacet
  facet normal 0 0 -1
    outer loop
      vertex 64.4 8.4 0
      vertex 87.05 2.96891 0
      vertex 87.6029 2.71108 0
    endloop
  endfacet
  facet normal 0 0 -1
    outer loop
      vertex 67.4 8.4 0
      vertex 77.4 11.4 0
      vertex 77.4 7.4 0
    endloop
  endfacet
  facet normal -0 0 -1
    outer loop
      vertex 77.4 11.4 0
      vertex 67.4 8.4 0
      vertex 77.4 23.8 0
    endloop
  endfacet
  facet normal 0 0 -1
    outer loop
      vertex 67.4 26.8 0
      vertex 77.4 23.8 0
      vertex 67.4 8.4 0
    endloop
  endfacet
  facet normal 0 0 -1
    outer loop
      vertex 87.05 2.96891 0
      vertex 67.4 8.4 0
      vertex 77.4 7.4 0
    endloop
  endfacet
  facet normal 0 0 -1
    outer loop
      vertex 87.05 2.96891 0
      vertex 64.4 8.4 0
      vertex 67.4 8.4 0
    endloop
  endfacet
  facet normal 0 0 -1
    outer loop
      vertex 0 0 0
      vertex 87.6029 2.71108 0
      vertex 88.1922 2.55317 0
    endloop
  endfacet
  facet normal 0 0 -1
    outer loop
      vertex 64.4 8.4 0
      vertex 49.4 8.4 0
      vertex 64.4 26.8 0
    endloop
  endfacet
  facet normal 0 0 -1
    outer loop
      vertex 87.6029 2.71108 0
      vertex 49.4 8.4 0
      vertex 64.4 8.4 0
    endloop
  endfacet
  facet normal 0 0 -1
    outer loop
      vertex 0 0 0
      vertex 88.1922 2.55317 0
      vertex 98.8 0 0
    endloop
  endfacet
  facet normal -0 0 -1
    outer loop
      vertex 87.6029 2.71108 0
      vertex 0 0 0
      vertex 49.4 8.4 0
    endloop
  endfacet
  facet normal 0 0 -1
    outer loop
      vertex 46.4 8.4 0
      vertex 31.4 8.4 0
      vertex 46.4 26.8 0
    endloop
  endfacet
  facet normal -0 0 -1
    outer loop
      vertex 49.4 8.4 0
      vertex 0 0 0
      vertex 46.4 8.4 0
    endloop
  endfacet
  facet normal -0 0 -1
    outer loop
      vertex 46.4 8.4 0
      vertex 7.19707 2.71108 0
      vertex 31.4 8.4 0
    endloop
  endfacet
  facet normal 0 0 -1
    outer loop
      vertex 28.4 8.4 0
      vertex 13.4 8.4 0
      vertex 28.4 26.8 0
    endloop
  endfacet
  facet normal 0 -0 -1
    outer loop
      vertex 7.75 2.96891 0
      vertex 31.4 8.4 0
      vertex 7.19707 2.71108 0
    endloop
  endfacet
  facet normal 0 -0 -1
    outer loop
      vertex 9.03109 4.25 0
      vertex 28.4 8.4 0
      vertex 8.68116 3.75024 0
    endloop
  endfacet
  facet normal 0 0 -1
    outer loop
      vertex 9.44683 6.60777 0
      vertex 10.4 8.4 0
      vertex 9.5 6 0
    endloop
  endfacet
  facet normal 0 -0 -1
    outer loop
      vertex 9.5 6 0
      vertex 13.4 8.4 0
      vertex 9.44683 5.39223 0
    endloop
  endfacet
  facet normal -0 0 -1
    outer loop
      vertex 13.4 8.4 0
      vertex 9.5 6 0
      vertex 10.4 8.4 0
    endloop
  endfacet
  facet normal 0 0 -1
    outer loop
      vertex 13.4 8.4 0
      vertex 9.28892 4.80293 0
      vertex 9.44683 5.39223 0
    endloop
  endfacet
  facet normal 0 0 -1
    outer loop
      vertex 13.4 8.4 0
      vertex 9.03109 4.25 0
      vertex 9.28892 4.80293 0
    endloop
  endfacet
  facet normal -0 0 -1
    outer loop
      vertex 28.4 8.4 0
      vertex 9.03109 4.25 0
      vertex 13.4 8.4 0
    endloop
  endfacet
  facet normal 0 0 -1
    outer loop
      vertex 28.4 8.4 0
      vertex 8.24976 3.31884 0
      vertex 8.68116 3.75024 0
    endloop
  endfacet
  facet normal 0 0 -1
    outer loop
      vertex 28.4 8.4 0
      vertex 7.75 2.96891 0
      vertex 8.24976 3.31884 0
    endloop
  endfacet
  facet normal -0 0 -1
    outer loop
      vertex 31.4 8.4 0
      vertex 7.75 2.96891 0
      vertex 28.4 8.4 0
    endloop
  endfacet
  facet normal 0 0 -1
    outer loop
      vertex 46.4 8.4 0
      vertex 0 0 0
      vertex 7.19707 2.71108 0
    endloop
  endfacet
  facet normal 0 0 -1
    outer loop
      vertex 7.19707 2.71108 0
      vertex 0 0 0
      vertex 6.60777 2.55317 0
    endloop
  endfacet
  facet normal 0 0 -1
    outer loop
      vertex 0 35.2 0
      vertex 2.55317 24.5922 0
      vertex 0 0 0
    endloop
  endfacet
  facet normal -0 0 -1
    outer loop
      vertex 2.55317 5.39223 0
      vertex 0 0 0
      vertex 2.5 6 0
    endloop
  endfacet
  facet normal -0 0 -1
    outer loop
      vertex 2.71108 4.80293 0
      vertex 0 0 0
      vertex 2.55317 5.39223 0
    endloop
  endfacet
  facet normal -0 0 -1
    outer loop
      vertex 2.96891 4.25 0
      vertex 0 0 0
      vertex 2.71108 4.80293 0
    endloop
  endfacet
  facet normal -0 0 -1
    outer loop
      vertex 3.31884 3.75024 0
      vertex 0 0 0
      vertex 2.96891 4.25 0
    endloop
  endfacet
  facet normal -0 0 -1
    outer loop
      vertex 3.75024 3.31884 0
      vertex 0 0 0
      vertex 3.31884 3.75024 0
    endloop
  endfacet
  facet normal -0 0 -1
    outer loop
      vertex 4.25 2.96891 0
      vertex 0 0 0
      vertex 3.75024 3.31884 0
    endloop
  endfacet
  facet normal -0 0 -1
    outer loop
      vertex 4.80293 2.71108 0
      vertex 0 0 0
      vertex 4.25 2.96891 0
    endloop
  endfacet
  facet normal -0 0 -1
    outer loop
      vertex 5.39223 2.55317 0
      vertex 0 0 0
      vertex 4.80293 2.71108 0
    endloop
  endfacet
  facet normal -0 0 -1
    outer loop
      vertex 6 2.5 0
      vertex 0 0 0
      vertex 5.39223 2.55317 0
    endloop
  endfacet
  facet normal 0 0 -1
    outer loop
      vertex 6.60777 2.55317 0
      vertex 0 0 0
      vertex 6 2.5 0
    endloop
  endfacet
  facet normal 0 0 -1
    outer loop
      vertex 92.2468 25.8078 0
      vertex 98.8 22.3544 0
      vertex 95.4 22.3544 0
    endloop
  endfacet
  facet normal 0 0 -1
    outer loop
      vertex 95.4 12.8456 0
      vertex 92.3 25.2 0
      vertex 95.4 22.3544 0
    endloop
  endfacet
  facet normal 0 0 -1
    outer loop
      vertex 92.2468 25.8078 0
      vertex 95.4 22.3544 0
      vertex 92.3 25.2 0
    endloop
  endfacet
  facet normal 0 0 -1
    outer loop
      vertex 98.8 22.3544 0
      vertex 92.2468 25.8078 0
      vertex 92.0889 26.3971 0
    endloop
  endfacet
  facet normal 0 0 -1
    outer loop
      vertex 98.8 22.3544 0
      vertex 92.0889 26.3971 0
      vertex 98.8 35.2 0
    endloop
  endfacet
  facet normal 0 0 -1
    outer loop
      vertex 91.8311 26.95 0
      vertex 98.8 35.2 0
      vertex 92.0889 26.3971 0
    endloop
  endfacet
  facet normal 0 0 -1
    outer loop
      vertex 91.4812 27.4498 0
      vertex 98.8 35.2 0
      vertex 91.8311 26.95 0
    endloop
  endfacet
  facet normal 0 0 -1
    outer loop
      vertex 91.0498 27.8812 0
      vertex 98.8 35.2 0
      vertex 91.4812 27.4498 0
    endloop
  endfacet
  facet normal 0 0 -1
    outer loop
      vertex 90.55 28.2311 0
      vertex 98.8 35.2 0
      vertex 91.0498 27.8812 0
    endloop
  endfacet
  facet normal 0 0 -1
    outer loop
      vertex 89.9971 28.4889 0
      vertex 98.8 35.2 0
      vertex 90.55 28.2311 0
    endloop
  endfacet
  facet normal 0 0 -1
    outer loop
      vertex 89.4078 28.6468 0
      vertex 98.8 35.2 0
      vertex 89.9971 28.4889 0
    endloop
  endfacet
  facet normal 0 0 -1
    outer loop
      vertex 88.8 28.7 0
      vertex 98.8 35.2 0
      vertex 89.4078 28.6468 0
    endloop
  endfacet
  facet normal 0 0 -1
    outer loop
      vertex 88.1922 28.6468 0
      vertex 98.8 35.2 0
      vertex 88.8 28.7 0
    endloop
  endfacet
  facet normal 0 0 -1
    outer loop
      vertex 87.6029 28.4889 0
      vertex 98.8 35.2 0
      vertex 88.1922 28.6468 0
    endloop
  endfacet
  facet normal 0 0 -1
    outer loop
      vertex 81.4 27.8 0
      vertex 87.6029 28.4889 0
      vertex 87.05 28.2311 0
    endloop
  endfacet
  facet normal 0 0 -1
    outer loop
      vertex 85.4 26.8 0
      vertex 85.5111 26.3971 0
      vertex 85.4 25.9825 0
    endloop
  endfacet
  facet normal 0 0 -1
    outer loop
      vertex 85.4 26.8 0
      vertex 85.7689 26.95 0
      vertex 85.5111 26.3971 0
    endloop
  endfacet
  facet normal 0 0 -1
    outer loop
      vertex 85.4 26.8 0
      vertex 86.1188 27.4498 0
      vertex 85.7689 26.95 0
    endloop
  endfacet
  facet normal 0 0 -1
    outer loop
      vertex 82.4 26.8 0
      vertex 86.1188 27.4498 0
      vertex 85.4 26.8 0
    endloop
  endfacet
  facet normal -0 0 -1
    outer loop
      vertex 86.1188 27.4498 0
      vertex 82.4 26.8 0
      vertex 81.4 27.8 0
    endloop
  endfacet
  facet normal 0 0 -1
    outer loop
      vertex 86.1188 27.4498 0
      vertex 81.4 27.8 0
      vertex 86.5502 27.8812 0
    endloop
  endfacet
  facet normal -0 0 -1
    outer loop
      vertex 86.5502 27.8812 0
      vertex 81.4 27.8 0
      vertex 87.05 28.2311 0
    endloop
  endfacet
  facet normal 0 0 -1
    outer loop
      vertex 82.4 8.4 0
      vertex 81.4 11.4 0
      vertex 82.4 26.8 0
    endloop
  endfacet
  facet normal 0 0 -1
    outer loop
      vertex 81.4 23.8 0
      vertex 82.4 26.8 0
      vertex 81.4 11.4 0
    endloop
  endfacet
  facet normal 0 0 -1
    outer loop
      vertex 81.4 27.8 0
      vertex 82.4 26.8 0
      vertex 81.4 23.8 0
    endloop
  endfacet
  facet normal -0 0 -1
    outer loop
      vertex 87.6029 28.4889 0
      vertex 81.4 27.8 0
      vertex 98.8 35.2 0
    endloop
  endfacet
  facet normal 0 0 -1
    outer loop
      vertex 77.4 27.8 0
      vertex 98.8 35.2 0
      vertex 81.4 27.8 0
    endloop
  endfacet
  facet normal 0 0 -1
    outer loop
      vertex 77.4 23.8 0
      vertex 67.4 26.8 0
      vertex 77.4 27.8 0
    endloop
  endfacet
  facet normal 0 0 -1
    outer loop
      vertex 67.4 26.8 0
      vertex 98.8 35.2 0
      vertex 77.4 27.8 0
    endloop
  endfacet
  facet normal 0 0 -1
    outer loop
      vertex 64.4 26.8 0
      vertex 98.8 35.2 0
      vertex 67.4 26.8 0
    endloop
  endfacet
  facet normal 0 0 -1
    outer loop
      vertex 49.4 26.8 0
      vertex 64.4 26.8 0
      vertex 49.4 8.4 0
    endloop
  endfacet
  facet normal 0 0 -1
    outer loop
      vertex 49.4 26.8 0
      vertex 98.8 35.2 0
      vertex 64.4 26.8 0
    endloop
  endfacet
  facet normal 0 0 -1
    outer loop
      vertex 0 35.2 0
      vertex 49.4 26.8 0
      vertex 46.4 26.8 0
    endloop
  endfacet
  facet normal 0 0 -1
    outer loop
      vertex 31.4 26.8 0
      vertex 46.4 26.8 0
      vertex 31.4 8.4 0
    endloop
  endfacet
  facet normal 0 0 -1
    outer loop
      vertex 0 35.2 0
      vertex 46.4 26.8 0
      vertex 31.4 26.8 0
    endloop
  endfacet
  facet normal 0 0 -1
    outer loop
      vertex 0 35.2 0
      vertex 31.4 26.8 0
      vertex 28.4 26.8 0
    endloop
  endfacet
  facet normal 0 0 -1
    outer loop
      vertex 13.4 26.8 0
      vertex 28.4 26.8 0
      vertex 13.4 8.4 0
    endloop
  endfacet
  facet normal 0 0 -1
    outer loop
      vertex 0 35.2 0
      vertex 28.4 26.8 0
      vertex 13.4 26.8 0
    endloop
  endfacet
  facet normal 0 0 -1
    outer loop
      vertex 8.24976 27.8812 0
      vertex 13.4 26.8 0
      vertex 10.4 26.8 0
    endloop
  endfacet
  facet normal 0 0 -1
    outer loop
      vertex 10.4 8.4 0
      vertex 9.5 25.2 0
      vertex 10.4 26.8 0
    endloop
  endfacet
  facet normal 0 0 -1
    outer loop
      vertex 9.44683 25.8078 0
      vertex 10.4 26.8 0
      vertex 9.5 25.2 0
    endloop
  endfacet
  facet normal 0 0 -1
    outer loop
      vertex 9.28892 26.3971 0
      vertex 10.4 26.8 0
      vertex 9.44683 25.8078 0
    endloop
  endfacet
  facet normal 0 0 -1
    outer loop
      vertex 9.03109 26.95 0
      vertex 10.4 26.8 0
      vertex 9.28892 26.3971 0
    endloop
  endfacet
  facet normal 0 0 -1
    outer loop
      vertex 8.68116 27.4498 0
      vertex 10.4 26.8 0
      vertex 9.03109 26.95 0
    endloop
  endfacet
  facet normal 0 0 -1
    outer loop
      vertex 8.24976 27.8812 0
      vertex 10.4 26.8 0
      vertex 8.68116 27.4498 0
    endloop
  endfacet
  facet normal 0 0 -1
    outer loop
      vertex 13.4 26.8 0
      vertex 8.24976 27.8812 0
      vertex 7.75 28.2311 0
    endloop
  endfacet
  facet normal 0 0 -1
    outer loop
      vertex 13.4 26.8 0
      vertex 7.75 28.2311 0
      vertex 0 35.2 0
    endloop
  endfacet
  facet normal 0 0 -1
    outer loop
      vertex 0 35.2 0
      vertex 7.75 28.2311 0
      vertex 7.19707 28.4889 0
    endloop
  endfacet
  facet normal 0 0 -1
    outer loop
      vertex 0 35.2 0
      vertex 7.19707 28.4889 0
      vertex 6.60777 28.6468 0
    endloop
  endfacet
  facet normal 0 0 -1
    outer loop
      vertex 0 35.2 0
      vertex 6.60777 28.6468 0
      vertex 6 28.7 0
    endloop
  endfacet
  facet normal 0 0 -1
    outer loop
      vertex 2.55317 24.5922 0
      vertex 0 35.2 0
      vertex 2.5 25.2 0
    endloop
  endfacet
  facet normal 0 0 -1
    outer loop
      vertex 49.4 26.8 0
      vertex 0 35.2 0
      vertex 98.8 35.2 0
    endloop
  endfacet
  facet normal 0 0 -1
    outer loop
      vertex 5.39223 28.6468 0
      vertex 0 35.2 0
      vertex 6 28.7 0
    endloop
  endfacet
  facet normal 0 0 -1
    outer loop
      vertex 4.80293 28.4889 0
      vertex 0 35.2 0
      vertex 5.39223 28.6468 0
    endloop
  endfacet
  facet normal 0 0 -1
    outer loop
      vertex 4.25 28.2311 0
      vertex 0 35.2 0
      vertex 4.80293 28.4889 0
    endloop
  endfacet
  facet normal 0 0 -1
    outer loop
      vertex 3.75024 27.8812 0
      vertex 0 35.2 0
      vertex 4.25 28.2311 0
    endloop
  endfacet
  facet normal 0 0 -1
    outer loop
      vertex 3.31884 27.4498 0
      vertex 0 35.2 0
      vertex 3.75024 27.8812 0
    endloop
  endfacet
  facet normal 0 0 -1
    outer loop
      vertex 2.96891 26.95 0
      vertex 0 35.2 0
      vertex 3.31884 27.4498 0
    endloop
  endfacet
  facet normal 0 0 -1
    outer loop
      vertex 2.71108 26.3971 0
      vertex 0 35.2 0
      vertex 2.96891 26.95 0
    endloop
  endfacet
  facet normal 0 0 -1
    outer loop
      vertex 2.55317 25.8078 0
      vertex 0 35.2 0
      vertex 2.71108 26.3971 0
    endloop
  endfacet
  facet normal 0 0 -1
    outer loop
      vertex 2.5 25.2 0
      vertex 0 35.2 0
      vertex 2.55317 25.8078 0
    endloop
  endfacet
  facet normal -0 0 -1
    outer loop
      vertex 85.5111 24.0029 0
      vertex 85.4 8.4 0
      vertex 85.4 24.4175 0
    endloop
  endfacet
  facet normal -1 0 0
    outer loop
      vertex 0 35.2 0
      vertex 0 28.6 18.5
      vertex 0 35.2 46
    endloop
  endfacet
  facet normal -1 0 0
    outer loop
      vertex 0 35.2 0
      vertex 0 6.6 18.5
      vertex 0 28.6 18.5
    endloop
  endfacet
  facet normal -1 0 0
    outer loop
      vertex 0 0 46
      vertex 0 6.6 18.5
      vertex 0 0 0
    endloop
  endfacet
  facet normal -1 0 0
    outer loop
      vertex 0 0 0
      vertex 0 6.6 18.5
      vertex 0 35.2 0
    endloop
  endfacet
  facet normal -1 0 0
    outer loop
      vertex 0 28.6 36.5
      vertex 0 35.2 46
      vertex 0 28.6 18.5
    endloop
  endfacet
  facet normal -1 0 0
    outer loop
      vertex 0 6.6 36.5
      vertex 0 35.2 46
      vertex 0 28.6 36.5
    endloop
  endfacet
  facet normal -1 0 0
    outer loop
      vertex 0 6.6 36.5
      vertex 0 0 46
      vertex 0 35.2 46
    endloop
  endfacet
  facet normal -1 0 0
    outer loop
      vertex 0 6.6 18.5
      vertex 0 0 46
      vertex 0 6.6 36.5
    endloop
  endfacet
  facet normal 0 1 -0
    outer loop
      vertex 20.4 35.2 7.4
      vertex 11.4 35.2 19.4
      vertex 20.4 35.2 19.4
    endloop
  endfacet
  facet normal 0 1 0
    outer loop
      vertex 11.4 35.2 19.4
      vertex 20.4 35.2 7.4
      vertex 11.4 35.2 7.4
    endloop
  endfacet
  facet normal 0 1 -0
    outer loop
      vertex 32.4 35.2 7.4
      vertex 23.4 35.2 19.4
      vertex 32.4 35.2 19.4
    endloop
  endfacet
  facet normal 0 1 0
    outer loop
      vertex 23.4 35.2 19.4
      vertex 32.4 35.2 7.4
      vertex 23.4 35.2 7.4
    endloop
  endfacet
  facet normal 0 1 -0
    outer loop
      vertex 44.4 35.2 7.4
      vertex 35.4 35.2 19.4
      vertex 44.4 35.2 19.4
    endloop
  endfacet
  facet normal 0 1 0
    outer loop
      vertex 35.4 35.2 19.4
      vertex 44.4 35.2 7.4
      vertex 35.4 35.2 7.4
    endloop
  endfacet
  facet normal 0 1 -0
    outer loop
      vertex 56.4 35.2 7.4
      vertex 47.4 35.2 19.4
      vertex 56.4 35.2 19.4
    endloop
  endfacet
  facet normal 0 1 0
    outer loop
      vertex 47.4 35.2 19.4
      vertex 56.4 35.2 7.4
      vertex 47.4 35.2 7.4
    endloop
  endfacet
  facet normal 0 1 -0
    outer loop
      vertex 68.4 35.2 7.4
      vertex 59.4 35.2 19.4
      vertex 68.4 35.2 19.4
    endloop
  endfacet
  facet normal 0 1 0
    outer loop
      vertex 59.4 35.2 19.4
      vertex 68.4 35.2 7.4
      vertex 59.4 35.2 7.4
    endloop
  endfacet
  facet normal 0 1 -0
    outer loop
      vertex 80.4 35.2 7.4
      vertex 71.4 35.2 19.4
      vertex 80.4 35.2 19.4
    endloop
  endfacet
  facet normal 0 1 0
    outer loop
      vertex 71.4 35.2 19.4
      vertex 80.4 35.2 7.4
      vertex 71.4 35.2 7.4
    endloop
  endfacet
  facet normal 0 1 -0
    outer loop
      vertex 20.4 35.2 23.4
      vertex 11.4 35.2 34.4
      vertex 20.4 35.2 34.4
    endloop
  endfacet
  facet normal 0 1 0
    outer loop
      vertex 11.4 35.2 34.4
      vertex 20.4 35.2 23.4
      vertex 11.4 35.2 23.4
    endloop
  endfacet
  facet normal 0 1 -0
    outer loop
      vertex 32.4 35.2 23.4
      vertex 23.4 35.2 34.4
      vertex 32.4 35.2 34.4
    endloop
  endfacet
  facet normal 0 1 0
    outer loop
      vertex 23.4 35.2 34.4
      vertex 32.4 35.2 23.4
      vertex 23.4 35.2 23.4
    endloop
  endfacet
  facet normal 0 1 -0
    outer loop
      vertex 44.4 35.2 23.4
      vertex 35.4 35.2 34.4
      vertex 44.4 35.2 34.4
    endloop
  endfacet
  facet normal 0 1 0
    outer loop
      vertex 35.4 35.2 34.4
      vertex 44.4 35.2 23.4
      vertex 35.4 35.2 23.4
    endloop
  endfacet
  facet normal 0 1 -0
    outer loop
      vertex 56.4 35.2 23.4
      vertex 47.4 35.2 34.4
      vertex 56.4 35.2 34.4
    endloop
  endfacet
  facet normal 0 1 0
    outer loop
      vertex 47.4 35.2 34.4
      vertex 56.4 35.2 23.4
      vertex 47.4 35.2 23.4
    endloop
  endfacet
  facet normal 0 1 -0
    outer loop
      vertex 68.4 35.2 23.4
      vertex 59.4 35.2 34.4
      vertex 68.4 35.2 34.4
    endloop
  endfacet
  facet normal 0 1 0
    outer loop
      vertex 59.4 35.2 34.4
      vertex 68.4 35.2 23.4
      vertex 59.4 35.2 23.4
    endloop
  endfacet
  facet normal 0 1 -0
    outer loop
      vertex 80.4 35.2 23.4
      vertex 71.4 35.2 34.4
      vertex 80.4 35.2 34.4
    endloop
  endfacet
  facet normal 0 1 0
    outer loop
      vertex 71.4 35.2 34.4
      vertex 80.4 35.2 23.4
      vertex 71.4 35.2 23.4
    endloop
  endfacet
  facet normal 0 1 -0
    outer loop
      vertex 20.4 35.2 36.4
      vertex 11.4 35.2 40.4
      vertex 20.4 35.2 40.4
    endloop
  endfacet
  facet normal 0 1 0
    outer loop
      vertex 11.4 35.2 40.4
      vertex 20.4 35.2 36.4
      vertex 11.4 35.2 36.4
    endloop
  endfacet
  facet normal 0 1 -0
    outer loop
      vertex 32.4 35.2 36.4
      vertex 23.4 35.2 40.4
      vertex 32.4 35.2 40.4
    endloop
  endfacet
  facet normal 0 1 0
    outer loop
      vertex 23.4 35.2 40.4
      vertex 32.4 35.2 36.4
      vertex 23.4 35.2 36.4
    endloop
  endfacet
  facet normal 0 1 -0
    outer loop
      vertex 44.4 35.2 36.4
      vertex 35.4 35.2 40.4
      vertex 44.4 35.2 40.4
    endloop
  endfacet
  facet normal 0 1 0
    outer loop
      vertex 35.4 35.2 40.4
      vertex 44.4 35.2 36.4
      vertex 35.4 35.2 36.4
    endloop
  endfacet
  facet normal 0 1 -0
    outer loop
      vertex 56.4 35.2 36.4
      vertex 47.4 35.2 40.4
      vertex 56.4 35.2 40.4
    endloop
  endfacet
  facet normal 0 1 0
    outer loop
      vertex 47.4 35.2 40.4
      vertex 56.4 35.2 36.4
      vertex 47.4 35.2 36.4
    endloop
  endfacet
  facet normal 0 1 -0
    outer loop
      vertex 68.4 35.2 36.4
      vertex 59.4 35.2 40.4
      vertex 68.4 35.2 40.4
    endloop
  endfacet
  facet normal 0 1 0
    outer loop
      vertex 59.4 35.2 40.4
      vertex 68.4 35.2 36.4
      vertex 59.4 35.2 36.4
    endloop
  endfacet
  facet normal 0 1 -0
    outer loop
      vertex 80.4 35.2 36.4
      vertex 71.4 35.2 40.4
      vertex 80.4 35.2 40.4
    endloop
  endfacet
  facet normal 0 1 0
    outer loop
      vertex 71.4 35.2 40.4
      vertex 80.4 35.2 36.4
      vertex 71.4 35.2 36.4
    endloop
  endfacet
  facet normal 0 1 0
    outer loop
      vertex 80.4 35.2 40.4
      vertex 98.8 35.2 46
      vertex 83.4 35.2 40.4
    endloop
  endfacet
  facet normal 0 1 0
    outer loop
      vertex 98.8 35.2 46
      vertex 83.4 35.2 36.4
      vertex 83.4 35.2 40.4
    endloop
  endfacet
  facet normal 0 1 0
    outer loop
      vertex 80.4 35.2 34.4
      vertex 80.4 35.2 36.4
      vertex 83.4 35.2 36.4
    endloop
  endfacet
  facet normal 0 1 0
    outer loop
      vertex 80.4 35.2 36.4
      vertex 80.4 35.2 34.4
      vertex 71.4 35.2 36.4
    endloop
  endfacet
  facet normal 0 1 0
    outer loop
      vertex 71.4 35.2 36.4
      vertex 71.4 35.2 34.4
      vertex 68.4 35.2 36.4
    endloop
  endfacet
  facet normal 0 1 0
    outer loop
      vertex 68.4 35.2 34.4
      vertex 68.4 35.2 36.4
      vertex 71.4 35.2 34.4
    endloop
  endfacet
  facet normal 0 1 0
    outer loop
      vertex 59.4 35.2 34.4
      vertex 59.4 35.2 36.4
      vertex 68.4 35.2 34.4
    endloop
  endfacet
  facet normal 0 1 0
    outer loop
      vertex 59.4 35.2 36.4
      vertex 59.4 35.2 34.4
      vertex 56.4 35.2 36.4
    endloop
  endfacet
  facet normal 0 1 0
    outer loop
      vertex 56.4 35.2 36.4
      vertex 56.4 35.2 34.4
      vertex 47.4 35.2 36.4
    endloop
  endfacet
  facet normal 0 1 0
    outer loop
      vertex 47.4 35.2 34.4
      vertex 47.4 35.2 36.4
      vertex 56.4 35.2 34.4
    endloop
  endfacet
  facet normal 0 1 0
    outer loop
      vertex 44.4 35.2 34.4
      vertex 44.4 35.2 36.4
      vertex 47.4 35.2 34.4
    endloop
  endfacet
  facet normal 0 1 0
    outer loop
      vertex 35.4 35.2 34.4
      vertex 35.4 35.2 36.4
      vertex 44.4 35.2 34.4
    endloop
  endfacet
  facet normal 0 1 0
    outer loop
      vertex 35.4 35.2 36.4
      vertex 35.4 35.2 34.4
      vertex 32.4 35.2 36.4
    endloop
  endfacet
  facet normal 0 1 0
    outer loop
      vertex 32.4 35.2 34.4
      vertex 32.4 35.2 36.4
      vertex 35.4 35.2 34.4
    endloop
  endfacet
  facet normal 0 1 0
    outer loop
      vertex 80.4 35.2 34.4
      vertex 83.4 35.2 36.4
      vertex 83.4 35.2 34.4
    endloop
  endfacet
  facet normal 0 1 0
    outer loop
      vertex 98.8 35.2 46
      vertex 83.4 35.2 34.4
      vertex 83.4 35.2 36.4
    endloop
  endfacet
  facet normal 0 1 0
    outer loop
      vertex 98.8 35.2 46
      vertex 83.4 35.2 23.4
      vertex 83.4 35.2 34.4
    endloop
  endfacet
  facet normal 0 1 0
    outer loop
      vertex 80.4 35.2 19.4
      vertex 80.4 35.2 23.4
      vertex 83.4 35.2 23.4
    endloop
  endfacet
  facet normal 0 1 0
    outer loop
      vertex 80.4 35.2 23.4
      vertex 80.4 35.2 19.4
      vertex 71.4 35.2 23.4
    endloop
  endfacet
  facet normal 0 1 0
    outer loop
      vertex 71.4 35.2 23.4
      vertex 71.4 35.2 19.4
      vertex 68.4 35.2 23.4
    endloop
  endfacet
  facet normal 0 1 0
    outer loop
      vertex 68.4 35.2 19.4
      vertex 68.4 35.2 23.4
      vertex 71.4 35.2 19.4
    endloop
  endfacet
  facet normal 0 1 0
    outer loop
      vertex 59.4 35.2 19.4
      vertex 59.4 35.2 23.4
      vertex 68.4 35.2 19.4
    endloop
  endfacet
  facet normal 0 1 0
    outer loop
      vertex 59.4 35.2 23.4
      vertex 59.4 35.2 19.4
      vertex 56.4 35.2 23.4
    endloop
  endfacet
  facet normal 0 1 0
    outer loop
      vertex 56.4 35.2 23.4
      vertex 56.4 35.2 19.4
      vertex 47.4 35.2 23.4
    endloop
  endfacet
  facet normal 0 1 0
    outer loop
      vertex 47.4 35.2 19.4
      vertex 47.4 35.2 23.4
      vertex 56.4 35.2 19.4
    endloop
  endfacet
  facet normal 0 1 0
    outer loop
      vertex 44.4 35.2 19.4
      vertex 44.4 35.2 23.4
      vertex 47.4 35.2 19.4
    endloop
  endfacet
  facet normal 0 1 0
    outer loop
      vertex 44.4 35.2 23.4
      vertex 44.4 35.2 19.4
      vertex 35.4 35.2 23.4
    endloop
  endfacet
  facet normal 0 1 0
    outer loop
      vertex 35.4 35.2 23.4
      vertex 35.4 35.2 19.4
      vertex 32.4 35.2 23.4
    endloop
  endfacet
  facet normal 0 1 0
    outer loop
      vertex 32.4 35.2 19.4
      vertex 32.4 35.2 23.4
      vertex 35.4 35.2 19.4
    endloop
  endfacet
  facet normal 0 1 0
    outer loop
      vertex 80.4 35.2 19.4
      vertex 83.4 35.2 23.4
      vertex 83.4 35.2 19.4
    endloop
  endfacet
  facet normal 0 1 -0
    outer loop
      vertex 98.8 35.2 0
      vertex 83.4 35.2 23.4
      vertex 98.8 35.2 46
    endloop
  endfacet
  facet normal 0 1 0
    outer loop
      vertex 83.4 35.2 23.4
      vertex 98.8 35.2 0
      vertex 83.4 35.2 19.4
    endloop
  endfacet
  facet normal 0 1 0
    outer loop
      vertex 98.8 35.2 0
      vertex 80.4 35.2 7.4
      vertex 83.4 35.2 7.4
    endloop
  endfacet
  facet normal 0 1 0
    outer loop
      vertex 80.4 35.2 7.4
      vertex 98.8 35.2 0
      vertex 71.4 35.2 7.4
    endloop
  endfacet
  facet normal 0 1 0
    outer loop
      vertex 71.4 35.2 7.4
      vertex 98.8 35.2 0
      vertex 68.4 35.2 7.4
    endloop
  endfacet
  facet normal 0 1 0
    outer loop
      vertex 68.4 35.2 7.4
      vertex 98.8 35.2 0
      vertex 59.4 35.2 7.4
    endloop
  endfacet
  facet normal 0 1 0
    outer loop
      vertex 59.4 35.2 7.4
      vertex 98.8 35.2 0
      vertex 56.4 35.2 7.4
    endloop
  endfacet
  facet normal 0 1 0
    outer loop
      vertex 56.4 35.2 7.4
      vertex 98.8 35.2 0
      vertex 47.4 35.2 7.4
    endloop
  endfacet
  facet normal 0 1 0
    outer loop
      vertex 0 35.2 0
      vertex 47.4 35.2 7.4
      vertex 98.8 35.2 0
    endloop
  endfacet
  facet normal 0 1 0
    outer loop
      vertex 47.4 35.2 7.4
      vertex 0 35.2 0
      vertex 44.4 35.2 7.4
    endloop
  endfacet
  facet normal 0 1 0
    outer loop
      vertex 44.4 35.2 7.4
      vertex 0 35.2 0
      vertex 35.4 35.2 7.4
    endloop
  endfacet
  facet normal 0 1 0
    outer loop
      vertex 35.4 35.2 7.4
      vertex 0 35.2 0
      vertex 32.4 35.2 7.4
    endloop
  endfacet
  facet normal 0 1 0
    outer loop
      vertex 32.4 35.2 7.4
      vertex 0 35.2 0
      vertex 23.4 35.2 7.4
    endloop
  endfacet
  facet normal 0 1 0
    outer loop
      vertex 20.4 35.2 7.4
      vertex 0 35.2 0
      vertex 11.4 35.2 7.4
    endloop
  endfacet
  facet normal 0 1 0
    outer loop
      vertex 23.4 35.2 7.4
      vertex 0 35.2 0
      vertex 20.4 35.2 7.4
    endloop
  endfacet
  facet normal 0 1 0
    outer loop
      vertex 83.4 35.2 19.4
      vertex 98.8 35.2 0
      vertex 83.4 35.2 7.4
    endloop
  endfacet
  facet normal 0 1 0
    outer loop
      vertex 71.4 35.2 40.4
      vertex 98.8 35.2 46
      vertex 80.4 35.2 40.4
    endloop
  endfacet
  facet normal 0 1 0
    outer loop
      vertex 68.4 35.2 40.4
      vertex 98.8 35.2 46
      vertex 71.4 35.2 40.4
    endloop
  endfacet
  facet normal 0 1 0
    outer loop
      vertex 59.4 35.2 40.4
      vertex 98.8 35.2 46
      vertex 68.4 35.2 40.4
    endloop
  endfacet
  facet normal 0 1 0
    outer loop
      vertex 56.4 35.2 40.4
      vertex 98.8 35.2 46
      vertex 59.4 35.2 40.4
    endloop
  endfacet
  facet normal 0 1 0
    outer loop
      vertex 47.4 35.2 40.4
      vertex 98.8 35.2 46
      vertex 56.4 35.2 40.4
    endloop
  endfacet
  facet normal 0 1 0
    outer loop
      vertex 98.8 35.2 46
      vertex 47.4 35.2 40.4
      vertex 0 35.2 46
    endloop
  endfacet
  facet normal 0 1 -0
    outer loop
      vertex 44.4 35.2 40.4
      vertex 0 35.2 46
      vertex 47.4 35.2 40.4
    endloop
  endfacet
  facet normal 0 1 -0
    outer loop
      vertex 35.4 35.2 40.4
      vertex 0 35.2 46
      vertex 44.4 35.2 40.4
    endloop
  endfacet
  facet normal 0 1 -0
    outer loop
      vertex 32.4 35.2 40.4
      vertex 0 35.2 46
      vertex 35.4 35.2 40.4
    endloop
  endfacet
  facet normal 0 1 -0
    outer loop
      vertex 23.4 35.2 40.4
      vertex 0 35.2 46
      vertex 32.4 35.2 40.4
    endloop
  endfacet
  facet normal 0 1 -0
    outer loop
      vertex 20.4 35.2 40.4
      vertex 0 35.2 46
      vertex 23.4 35.2 40.4
    endloop
  endfacet
  facet normal 0 1 -0
    outer loop
      vertex 11.4 35.2 40.4
      vertex 0 35.2 46
      vertex 20.4 35.2 40.4
    endloop
  endfacet
  facet normal 0 1 -0
    outer loop
      vertex 8.4 35.2 40.4
      vertex 0 35.2 46
      vertex 11.4 35.2 40.4
    endloop
  endfacet
  facet normal 0 1 -0
    outer loop
      vertex 8.4 35.2 36.4
      vertex 0 35.2 46
      vertex 8.4 35.2 40.4
    endloop
  endfacet
  facet normal 0 1 0
    outer loop
      vertex 71.4 35.2 36.4
      vertex 80.4 35.2 34.4
      vertex 71.4 35.2 34.4
    endloop
  endfacet
  facet normal 0 1 0
    outer loop
      vertex 68.4 35.2 36.4
      vertex 68.4 35.2 34.4
      vertex 59.4 35.2 36.4
    endloop
  endfacet
  facet normal 0 1 0
    outer loop
      vertex 56.4 35.2 34.4
      vertex 56.4 35.2 36.4
      vertex 59.4 35.2 34.4
    endloop
  endfacet
  facet normal 0 1 0
    outer loop
      vertex 47.4 35.2 36.4
      vertex 47.4 35.2 34.4
      vertex 44.4 35.2 36.4
    endloop
  endfacet
  facet normal 0 1 0
    outer loop
      vertex 44.4 35.2 36.4
      vertex 44.4 35.2 34.4
      vertex 35.4 35.2 36.4
    endloop
  endfacet
  facet normal 0 1 0
    outer loop
      vertex 32.4 35.2 36.4
      vertex 32.4 35.2 34.4
      vertex 23.4 35.2 36.4
    endloop
  endfacet
  facet normal 0 1 0
    outer loop
      vertex 23.4 35.2 34.4
      vertex 23.4 35.2 36.4
      vertex 32.4 35.2 34.4
    endloop
  endfacet
  facet normal 0 1 0
    outer loop
      vertex 23.4 35.2 36.4
      vertex 23.4 35.2 34.4
      vertex 20.4 35.2 36.4
    endloop
  endfacet
  facet normal 0 1 0
    outer loop
      vertex 20.4 35.2 34.4
      vertex 20.4 35.2 36.4
      vertex 23.4 35.2 34.4
    endloop
  endfacet
  facet normal 0 1 0
    outer loop
      vertex 20.4 35.2 36.4
      vertex 20.4 35.2 34.4
      vertex 11.4 35.2 36.4
    endloop
  endfacet
  facet normal 0 1 0
    outer loop
      vertex 11.4 35.2 34.4
      vertex 11.4 35.2 36.4
      vertex 20.4 35.2 34.4
    endloop
  endfacet
  facet normal 0 1 0
    outer loop
      vertex 11.4 35.2 36.4
      vertex 11.4 35.2 34.4
      vertex 8.4 35.2 36.4
    endloop
  endfacet
  facet normal 0 1 0
    outer loop
      vertex 8.4 35.2 34.4
      vertex 8.4 35.2 36.4
      vertex 11.4 35.2 34.4
    endloop
  endfacet
  facet normal 0 1 -0
    outer loop
      vertex 8.4 35.2 34.4
      vertex 0 35.2 46
      vertex 8.4 35.2 36.4
    endloop
  endfacet
  facet normal 0 1 -0
    outer loop
      vertex 8.4 35.2 23.4
      vertex 0 35.2 46
      vertex 8.4 35.2 34.4
    endloop
  endfacet
  facet normal 0 1 0
    outer loop
      vertex 71.4 35.2 23.4
      vertex 80.4 35.2 19.4
      vertex 71.4 35.2 19.4
    endloop
  endfacet
  facet normal 0 1 0
    outer loop
      vertex 68.4 35.2 23.4
      vertex 68.4 35.2 19.4
      vertex 59.4 35.2 23.4
    endloop
  endfacet
  facet normal 0 1 0
    outer loop
      vertex 56.4 35.2 19.4
      vertex 56.4 35.2 23.4
      vertex 59.4 35.2 19.4
    endloop
  endfacet
  facet normal 0 1 0
    outer loop
      vertex 47.4 35.2 23.4
      vertex 47.4 35.2 19.4
      vertex 44.4 35.2 23.4
    endloop
  endfacet
  facet normal 0 1 0
    outer loop
      vertex 35.4 35.2 19.4
      vertex 35.4 35.2 23.4
      vertex 44.4 35.2 19.4
    endloop
  endfacet
  facet normal 0 1 0
    outer loop
      vertex 32.4 35.2 23.4
      vertex 32.4 35.2 19.4
      vertex 23.4 35.2 23.4
    endloop
  endfacet
  facet normal 0 1 0
    outer loop
      vertex 23.4 35.2 19.4
      vertex 23.4 35.2 23.4
      vertex 32.4 35.2 19.4
    endloop
  endfacet
  facet normal 0 1 0
    outer loop
      vertex 23.4 35.2 23.4
      vertex 23.4 35.2 19.4
      vertex 20.4 35.2 23.4
    endloop
  endfacet
  facet normal 0 1 0
    outer loop
      vertex 20.4 35.2 19.4
      vertex 20.4 35.2 23.4
      vertex 23.4 35.2 19.4
    endloop
  endfacet
  facet normal 0 1 0
    outer loop
      vertex 20.4 35.2 23.4
      vertex 20.4 35.2 19.4
      vertex 11.4 35.2 23.4
    endloop
  endfacet
  facet normal 0 1 0
    outer loop
      vertex 11.4 35.2 19.4
      vertex 11.4 35.2 23.4
      vertex 20.4 35.2 19.4
    endloop
  endfacet
  facet normal 0 1 0
    outer loop
      vertex 11.4 35.2 23.4
      vertex 11.4 35.2 19.4
      vertex 8.4 35.2 23.4
    endloop
  endfacet
  facet normal 0 1 0
    outer loop
      vertex 8.4 35.2 19.4
      vertex 8.4 35.2 23.4
      vertex 11.4 35.2 19.4
    endloop
  endfacet
  facet normal 0 1 0
    outer loop
      vertex 0 35.2 0
      vertex 8.4 35.2 23.4
      vertex 8.4 35.2 19.4
    endloop
  endfacet
  facet normal 0 1 0
    outer loop
      vertex 0 35.2 0
      vertex 8.4 35.2 19.4
      vertex 8.4 35.2 7.4
    endloop
  endfacet
  facet normal 0 1 0
    outer loop
      vertex 8.4 35.2 23.4
      vertex 0 35.2 0
      vertex 0 35.2 46
    endloop
  endfacet
  facet normal 0 1 0
    outer loop
      vertex 11.4 35.2 7.4
      vertex 0 35.2 0
      vertex 8.4 35.2 7.4
    endloop
  endfacet
  facet normal 0 -1 0
    outer loop
      vertex 71.4 0 7.4
      vertex 80.4 0 19.4
      vertex 71.4 0 19.4
    endloop
  endfacet
  facet normal 0 -1 -0
    outer loop
      vertex 80.4 0 19.4
      vertex 71.4 0 7.4
      vertex 80.4 0 7.4
    endloop
  endfacet
  facet normal 0 -1 0
    outer loop
      vertex 59.4 0 7.4
      vertex 68.4 0 19.4
      vertex 59.4 0 19.4
    endloop
  endfacet
  facet normal 0 -1 -0
    outer loop
      vertex 68.4 0 19.4
      vertex 59.4 0 7.4
      vertex 68.4 0 7.4
    endloop
  endfacet
  facet normal 0 -1 0
    outer loop
      vertex 47.4 0 7.4
      vertex 56.4 0 19.4
      vertex 47.4 0 19.4
    endloop
  endfacet
  facet normal 0 -1 -0
    outer loop
      vertex 56.4 0 19.4
      vertex 47.4 0 7.4
      vertex 56.4 0 7.4
    endloop
  endfacet
  facet normal 0 -1 0
    outer loop
      vertex 35.4 0 7.4
      vertex 44.4 0 19.4
      vertex 35.4 0 19.4
    endloop
  endfacet
  facet normal 0 -1 -0
    outer loop
      vertex 44.4 0 19.4
      vertex 35.4 0 7.4
      vertex 44.4 0 7.4
    endloop
  endfacet
  facet normal 0 -1 0
    outer loop
      vertex 23.4 0 7.4
      vertex 32.4 0 19.4
      vertex 23.4 0 19.4
    endloop
  endfacet
  facet normal 0 -1 -0
    outer loop
      vertex 32.4 0 19.4
      vertex 23.4 0 7.4
      vertex 32.4 0 7.4
    endloop
  endfacet
  facet normal 0 -1 0
    outer loop
      vertex 11.4 0 7.4
      vertex 20.4 0 19.4
      vertex 11.4 0 19.4
    endloop
  endfacet
  facet normal 0 -1 -0
    outer loop
      vertex 20.4 0 19.4
      vertex 11.4 0 7.4
      vertex 20.4 0 7.4
    endloop
  endfacet
  facet normal 0 -1 0
    outer loop
      vertex 71.4 0 23.4
      vertex 80.4 0 34.4
      vertex 71.4 0 34.4
    endloop
  endfacet
  facet normal 0 -1 -0
    outer loop
      vertex 80.4 0 34.4
      vertex 71.4 0 23.4
      vertex 80.4 0 23.4
    endloop
  endfacet
  facet normal 0 -1 0
    outer loop
      vertex 59.4 0 23.4
      vertex 68.4 0 34.4
      vertex 59.4 0 34.4
    endloop
  endfacet
  facet normal 0 -1 -0
    outer loop
      vertex 68.4 0 34.4
      vertex 59.4 0 23.4
      vertex 68.4 0 23.4
    endloop
  endfacet
  facet normal 0 -1 0
    outer loop
      vertex 47.4 0 23.4
      vertex 56.4 0 34.4
      vertex 47.4 0 34.4
    endloop
  endfacet
  facet normal 0 -1 -0
    outer loop
      vertex 56.4 0 34.4
      vertex 47.4 0 23.4
      vertex 56.4 0 23.4
    endloop
  endfacet
  facet normal 0 -1 0
    outer loop
      vertex 35.4 0 23.4
      vertex 44.4 0 34.4
      vertex 35.4 0 34.4
    endloop
  endfacet
  facet normal 0 -1 -0
    outer loop
      vertex 44.4 0 34.4
      vertex 35.4 0 23.4
      vertex 44.4 0 23.4
    endloop
  endfacet
  facet normal 0 -1 0
    outer loop
      vertex 23.4 0 23.4
      vertex 32.4 0 34.4
      vertex 23.4 0 34.4
    endloop
  endfacet
  facet normal 0 -1 -0
    outer loop
      vertex 32.4 0 34.4
      vertex 23.4 0 23.4
      vertex 32.4 0 23.4
    endloop
  endfacet
  facet normal 0 -1 0
    outer loop
      vertex 11.4 0 23.4
      vertex 20.4 0 34.4
      vertex 11.4 0 34.4
    endloop
  endfacet
  facet normal 0 -1 -0
    outer loop
      vertex 20.4 0 34.4
      vertex 11.4 0 23.4
      vertex 20.4 0 23.4
    endloop
  endfacet
  facet normal 0 -1 0
    outer loop
      vertex 71.4 0 36.4
      vertex 80.4 0 40.4
      vertex 71.4 0 40.4
    endloop
  endfacet
  facet normal 0 -1 -0
    outer loop
      vertex 80.4 0 40.4
      vertex 71.4 0 36.4
      vertex 80.4 0 36.4
    endloop
  endfacet
  facet normal 0 -1 0
    outer loop
      vertex 59.4 0 36.4
      vertex 68.4 0 40.4
      vertex 59.4 0 40.4
    endloop
  endfacet
  facet normal 0 -1 -0
    outer loop
      vertex 68.4 0 40.4
      vertex 59.4 0 36.4
      vertex 68.4 0 36.4
    endloop
  endfacet
  facet normal 0 -1 0
    outer loop
      vertex 47.4 0 36.4
      vertex 56.4 0 40.4
      vertex 47.4 0 40.4
    endloop
  endfacet
  facet normal 0 -1 -0
    outer loop
      vertex 56.4 0 40.4
      vertex 47.4 0 36.4
      vertex 56.4 0 36.4
    endloop
  endfacet
  facet normal 0 -1 0
    outer loop
      vertex 35.4 0 36.4
      vertex 44.4 0 40.4
      vertex 35.4 0 40.4
    endloop
  endfacet
  facet normal 0 -1 -0
    outer loop
      vertex 44.4 0 40.4
      vertex 35.4 0 36.4
      vertex 44.4 0 36.4
    endloop
  endfacet
  facet normal 0 -1 0
    outer loop
      vertex 23.4 0 36.4
      vertex 32.4 0 40.4
      vertex 23.4 0 40.4
    endloop
  endfacet
  facet normal 0 -1 -0
    outer loop
      vertex 32.4 0 40.4
      vertex 23.4 0 36.4
      vertex 32.4 0 36.4
    endloop
  endfacet
  facet normal 0 -1 0
    outer loop
      vertex 11.4 0 36.4
      vertex 20.4 0 40.4
      vertex 11.4 0 40.4
    endloop
  endfacet
  facet normal 0 -1 -0
    outer loop
      vertex 20.4 0 40.4
      vertex 11.4 0 36.4
      vertex 20.4 0 36.4
    endloop
  endfacet
  facet normal 0 -1 0
    outer loop
      vertex 11.4 0 40.4
      vertex 0 0 46
      vertex 8.4 0 40.4
    endloop
  endfacet
  facet normal 0 -1 0
    outer loop
      vertex 0 0 46
      vertex 8.4 0 36.4
      vertex 8.4 0 40.4
    endloop
  endfacet
  facet normal 0 -1 0
    outer loop
      vertex 11.4 0 34.4
      vertex 11.4 0 36.4
      vertex 8.4 0 36.4
    endloop
  endfacet
  facet normal 0 -1 0
    outer loop
      vertex 11.4 0 36.4
      vertex 11.4 0 34.4
      vertex 20.4 0 36.4
    endloop
  endfacet
  facet normal 0 -1 0
    outer loop
      vertex 20.4 0 36.4
      vertex 20.4 0 34.4
      vertex 23.4 0 36.4
    endloop
  endfacet
  facet normal 0 -1 0
    outer loop
      vertex 23.4 0 34.4
      vertex 23.4 0 36.4
      vertex 20.4 0 34.4
    endloop
  endfacet
  facet normal 0 -1 0
    outer loop
      vertex 32.4 0 34.4
      vertex 32.4 0 36.4
      vertex 23.4 0 34.4
    endloop
  endfacet
  facet normal 0 -1 0
    outer loop
      vertex 32.4 0 36.4
      vertex 32.4 0 34.4
      vertex 35.4 0 36.4
    endloop
  endfacet
  facet normal 0 -1 0
    outer loop
      vertex 35.4 0 36.4
      vertex 35.4 0 34.4
      vertex 44.4 0 36.4
    endloop
  endfacet
  facet normal 0 -1 0
    outer loop
      vertex 44.4 0 34.4
      vertex 44.4 0 36.4
      vertex 35.4 0 34.4
    endloop
  endfacet
  facet normal 0 -1 0
    outer loop
      vertex 47.4 0 34.4
      vertex 47.4 0 36.4
      vertex 44.4 0 34.4
    endloop
  endfacet
  facet normal 0 -1 0
    outer loop
      vertex 56.4 0 34.4
      vertex 56.4 0 36.4
      vertex 47.4 0 34.4
    endloop
  endfacet
  facet normal 0 -1 0
    outer loop
      vertex 56.4 0 36.4
      vertex 56.4 0 34.4
      vertex 59.4 0 36.4
    endloop
  endfacet
  facet normal 0 -1 0
    outer loop
      vertex 59.4 0 34.4
      vertex 59.4 0 36.4
      vertex 56.4 0 34.4
    endloop
  endfacet
  facet normal 0 -1 0
    outer loop
      vertex 11.4 0 34.4
      vertex 8.4 0 36.4
      vertex 8.4 0 34.4
    endloop
  endfacet
  facet normal 0 -1 0
    outer loop
      vertex 0 0 46
      vertex 8.4 0 34.4
      vertex 8.4 0 36.4
    endloop
  endfacet
  facet normal 0 -1 0
    outer loop
      vertex 0 0 46
      vertex 8.4 0 23.4
      vertex 8.4 0 34.4
    endloop
  endfacet
  facet normal 0 -1 0
    outer loop
      vertex 11.4 0 19.4
      vertex 11.4 0 23.4
      vertex 8.4 0 23.4
    endloop
  endfacet
  facet normal 0 -1 0
    outer loop
      vertex 11.4 0 23.4
      vertex 11.4 0 19.4
      vertex 20.4 0 23.4
    endloop
  endfacet
  facet normal 0 -1 0
    outer loop
      vertex 20.4 0 23.4
      vertex 20.4 0 19.4
      vertex 23.4 0 23.4
    endloop
  endfacet
  facet normal 0 -1 0
    outer loop
      vertex 23.4 0 19.4
      vertex 23.4 0 23.4
      vertex 20.4 0 19.4
    endloop
  endfacet
  facet normal 0 -1 0
    outer loop
      vertex 32.4 0 19.4
      vertex 32.4 0 23.4
      vertex 23.4 0 19.4
    endloop
  endfacet
  facet normal 0 -1 0
    outer loop
      vertex 32.4 0 23.4
      vertex 32.4 0 19.4
      vertex 35.4 0 23.4
    endloop
  endfacet
  facet normal 0 -1 0
    outer loop
      vertex 35.4 0 23.4
      vertex 35.4 0 19.4
      vertex 44.4 0 23.4
    endloop
  endfacet
  facet normal 0 -1 0
    outer loop
      vertex 44.4 0 19.4
      vertex 44.4 0 23.4
      vertex 35.4 0 19.4
    endloop
  endfacet
  facet normal 0 -1 0
    outer loop
      vertex 47.4 0 19.4
      vertex 47.4 0 23.4
      vertex 44.4 0 19.4
    endloop
  endfacet
  facet normal 0 -1 0
    outer loop
      vertex 47.4 0 23.4
      vertex 47.4 0 19.4
      vertex 56.4 0 23.4
    endloop
  endfacet
  facet normal 0 -1 0
    outer loop
      vertex 56.4 0 23.4
      vertex 56.4 0 19.4
      vertex 59.4 0 23.4
    endloop
  endfacet
  facet normal 0 -1 0
    outer loop
      vertex 59.4 0 19.4
      vertex 59.4 0 23.4
      vertex 56.4 0 19.4
    endloop
  endfacet
  facet normal 0 -1 0
    outer loop
      vertex 11.4 0 19.4
      vertex 8.4 0 23.4
      vertex 8.4 0 19.4
    endloop
  endfacet
  facet normal 0 -1 0
    outer loop
      vertex 0 0 0
      vertex 8.4 0 23.4
      vertex 0 0 46
    endloop
  endfacet
  facet normal 0 -1 -0
    outer loop
      vertex 8.4 0 23.4
      vertex 0 0 0
      vertex 8.4 0 19.4
    endloop
  endfacet
  facet normal 0 -1 0
    outer loop
      vertex 0 0 0
      vertex 11.4 0 7.4
      vertex 8.4 0 7.4
    endloop
  endfacet
  facet normal 0 -1 -0
    outer loop
      vertex 11.4 0 7.4
      vertex 0 0 0
      vertex 20.4 0 7.4
    endloop
  endfacet
  facet normal 0 -1 -0
    outer loop
      vertex 20.4 0 7.4
      vertex 0 0 0
      vertex 23.4 0 7.4
    endloop
  endfacet
  facet normal 0 -1 -0
    outer loop
      vertex 23.4 0 7.4
      vertex 0 0 0
      vertex 32.4 0 7.4
    endloop
  endfacet
  facet normal 0 -1 -0
    outer loop
      vertex 32.4 0 7.4
      vertex 0 0 0
      vertex 35.4 0 7.4
    endloop
  endfacet
  facet normal 0 -1 -0
    outer loop
      vertex 35.4 0 7.4
      vertex 0 0 0
      vertex 44.4 0 7.4
    endloop
  endfacet
  facet normal 0 -1 -0
    outer loop
      vertex 44.4 0 7.4
      vertex 0 0 0
      vertex 47.4 0 7.4
    endloop
  endfacet
  facet normal 0 -1 0
    outer loop
      vertex 98.8 0 0
      vertex 47.4 0 7.4
      vertex 0 0 0
    endloop
  endfacet
  facet normal 0 -1 0
    outer loop
      vertex 47.4 0 7.4
      vertex 98.8 0 0
      vertex 56.4 0 7.4
    endloop
  endfacet
  facet normal 0 -1 0
    outer loop
      vertex 56.4 0 7.4
      vertex 98.8 0 0
      vertex 59.4 0 7.4
    endloop
  endfacet
  facet normal 0 -1 0
    outer loop
      vertex 59.4 0 7.4
      vertex 98.8 0 0
      vertex 68.4 0 7.4
    endloop
  endfacet
  facet normal 0 -1 0
    outer loop
      vertex 68.4 0 7.4
      vertex 98.8 0 0
      vertex 71.4 0 7.4
    endloop
  endfacet
  facet normal 0 -1 0
    outer loop
      vertex 71.4 0 7.4
      vertex 98.8 0 0
      vertex 80.4 0 7.4
    endloop
  endfacet
  facet normal 0 -1 -0
    outer loop
      vertex 8.4 0 19.4
      vertex 0 0 0
      vertex 8.4 0 7.4
    endloop
  endfacet
  facet normal 0 -1 0
    outer loop
      vertex 20.4 0 40.4
      vertex 0 0 46
      vertex 11.4 0 40.4
    endloop
  endfacet
  facet normal 0 -1 0
    outer loop
      vertex 23.4 0 40.4
      vertex 0 0 46
      vertex 20.4 0 40.4
    endloop
  endfacet
  facet normal 0 -1 0
    outer loop
      vertex 32.4 0 40.4
      vertex 0 0 46
      vertex 23.4 0 40.4
    endloop
  endfacet
  facet normal 0 -1 0
    outer loop
      vertex 35.4 0 40.4
      vertex 0 0 46
      vertex 32.4 0 40.4
    endloop
  endfacet
  facet normal 0 -1 0
    outer loop
      vertex 44.4 0 40.4
      vertex 0 0 46
      vertex 35.4 0 40.4
    endloop
  endfacet
  facet normal 0 -1 0
    outer loop
      vertex 47.4 0 40.4
      vertex 0 0 46
      vertex 44.4 0 40.4
    endloop
  endfacet
  facet normal 0 -1 0
    outer loop
      vertex 0 0 46
      vertex 47.4 0 40.4
      vertex 98.8 0 46
    endloop
  endfacet
  facet normal 0 -1 0
    outer loop
      vertex 56.4 0 40.4
      vertex 98.8 0 46
      vertex 47.4 0 40.4
    endloop
  endfacet
  facet normal 0 -1 0
    outer loop
      vertex 59.4 0 40.4
      vertex 98.8 0 46
      vertex 56.4 0 40.4
    endloop
  endfacet
  facet normal 0 -1 0
    outer loop
      vertex 68.4 0 40.4
      vertex 98.8 0 46
      vertex 59.4 0 40.4
    endloop
  endfacet
  facet normal 0 -1 0
    outer loop
      vertex 71.4 0 40.4
      vertex 98.8 0 46
      vertex 68.4 0 40.4
    endloop
  endfacet
  facet normal 0 -1 0
    outer loop
      vertex 80.4 0 40.4
      vertex 98.8 0 46
      vertex 71.4 0 40.4
    endloop
  endfacet
  facet normal 0 -1 0
    outer loop
      vertex 83.4 0 40.4
      vertex 98.8 0 46
      vertex 80.4 0 40.4
    endloop
  endfacet
  facet normal 0 -1 0
    outer loop
      vertex 83.4 0 36.4
      vertex 98.8 0 46
      vertex 83.4 0 40.4
    endloop
  endfacet
  facet normal 0 -1 -0
    outer loop
      vertex 20.4 0 36.4
      vertex 11.4 0 34.4
      vertex 20.4 0 34.4
    endloop
  endfacet
  facet normal 0 -1 0
    outer loop
      vertex 23.4 0 36.4
      vertex 23.4 0 34.4
      vertex 32.4 0 36.4
    endloop
  endfacet
  facet normal 0 -1 0
    outer loop
      vertex 35.4 0 34.4
      vertex 35.4 0 36.4
      vertex 32.4 0 34.4
    endloop
  endfacet
  facet normal 0 -1 0
    outer loop
      vertex 44.4 0 36.4
      vertex 44.4 0 34.4
      vertex 47.4 0 36.4
    endloop
  endfacet
  facet normal 0 -1 0
    outer loop
      vertex 47.4 0 36.4
      vertex 47.4 0 34.4
      vertex 56.4 0 36.4
    endloop
  endfacet
  facet normal 0 -1 0
    outer loop
      vertex 59.4 0 36.4
      vertex 59.4 0 34.4
      vertex 68.4 0 36.4
    endloop
  endfacet
  facet normal 0 -1 0
    outer loop
      vertex 68.4 0 34.4
      vertex 68.4 0 36.4
      vertex 59.4 0 34.4
    endloop
  endfacet
  facet normal 0 -1 0
    outer loop
      vertex 68.4 0 36.4
      vertex 68.4 0 34.4
      vertex 71.4 0 36.4
    endloop
  endfacet
  facet normal 0 -1 0
    outer loop
      vertex 71.4 0 34.4
      vertex 71.4 0 36.4
      vertex 68.4 0 34.4
    endloop
  endfacet
  facet normal 0 -1 0
    outer loop
      vertex 71.4 0 36.4
      vertex 71.4 0 34.4
      vertex 80.4 0 36.4
    endloop
  endfacet
  facet normal 0 -1 0
    outer loop
      vertex 80.4 0 34.4
      vertex 80.4 0 36.4
      vertex 71.4 0 34.4
    endloop
  endfacet
  facet normal 0 -1 0
    outer loop
      vertex 80.4 0 36.4
      vertex 80.4 0 34.4
      vertex 83.4 0 36.4
    endloop
  endfacet
  facet normal 0 -1 0
    outer loop
      vertex 83.4 0 34.4
      vertex 83.4 0 36.4
      vertex 80.4 0 34.4
    endloop
  endfacet
  facet normal 0 -1 0
    outer loop
      vertex 83.4 0 36.4
      vertex 83.4 0 34.4
      vertex 98.8 0 46
    endloop
  endfacet
  facet normal 0 -1 0
    outer loop
      vertex 83.4 0 23.4
      vertex 98.8 0 46
      vertex 83.4 0 34.4
    endloop
  endfacet
  facet normal 0 -1 -0
    outer loop
      vertex 20.4 0 23.4
      vertex 11.4 0 19.4
      vertex 20.4 0 19.4
    endloop
  endfacet
  facet normal 0 -1 0
    outer loop
      vertex 23.4 0 23.4
      vertex 23.4 0 19.4
      vertex 32.4 0 23.4
    endloop
  endfacet
  facet normal 0 -1 0
    outer loop
      vertex 35.4 0 19.4
      vertex 35.4 0 23.4
      vertex 32.4 0 19.4
    endloop
  endfacet
  facet normal 0 -1 0
    outer loop
      vertex 44.4 0 23.4
      vertex 44.4 0 19.4
      vertex 47.4 0 23.4
    endloop
  endfacet
  facet normal 0 -1 0
    outer loop
      vertex 56.4 0 19.4
      vertex 56.4 0 23.4
      vertex 47.4 0 19.4
    endloop
  endfacet
  facet normal 0 -1 0
    outer loop
      vertex 59.4 0 23.4
      vertex 59.4 0 19.4
      vertex 68.4 0 23.4
    endloop
  endfacet
  facet normal 0 -1 0
    outer loop
      vertex 68.4 0 19.4
      vertex 68.4 0 23.4
      vertex 59.4 0 19.4
    endloop
  endfacet
  facet normal 0 -1 0
    outer loop
      vertex 68.4 0 23.4
      vertex 68.4 0 19.4
      vertex 71.4 0 23.4
    endloop
  endfacet
  facet normal 0 -1 0
    outer loop
      vertex 71.4 0 19.4
      vertex 71.4 0 23.4
      vertex 68.4 0 19.4
    endloop
  endfacet
  facet normal 0 -1 0
    outer loop
      vertex 71.4 0 23.4
      vertex 71.4 0 19.4
      vertex 80.4 0 23.4
    endloop
  endfacet
  facet normal 0 -1 0
    outer loop
      vertex 80.4 0 19.4
      vertex 80.4 0 23.4
      vertex 71.4 0 19.4
    endloop
  endfacet
  facet normal 0 -1 0
    outer loop
      vertex 80.4 0 23.4
      vertex 80.4 0 19.4
      vertex 83.4 0 23.4
    endloop
  endfacet
  facet normal 0 -1 0
    outer loop
      vertex 83.4 0 19.4
      vertex 83.4 0 23.4
      vertex 80.4 0 19.4
    endloop
  endfacet
  facet normal 0 -1 0
    outer loop
      vertex 98.8 0 0
      vertex 83.4 0 23.4
      vertex 83.4 0 19.4
    endloop
  endfacet
  facet normal 0 -1 0
    outer loop
      vertex 98.8 0 0
      vertex 83.4 0 19.4
      vertex 83.4 0 7.4
    endloop
  endfacet
  facet normal 0 -1 0
    outer loop
      vertex 83.4 0 23.4
      vertex 98.8 0 0
      vertex 98.8 0 46
    endloop
  endfacet
  facet normal 0 -1 0
    outer loop
      vertex 80.4 0 7.4
      vertex 98.8 0 0
      vertex 83.4 0 7.4
    endloop
  endfacet
  facet normal -1 -0 0
    outer loop
      vertex 96.4 9.6 6.4
      vertex 96.4 2.4 2.4
      vertex 96.4 9.6 36.4
    endloop
  endfacet
  facet normal -1 -0 0
    outer loop
      vertex 96.4 9.72154 5.01081
      vertex 96.4 2.4 2.4
      vertex 96.4 9.6 6.4
    endloop
  endfacet
  facet normal -1 -0 0
    outer loop
      vertex 96.4 10.0825 3.66384
      vertex 96.4 2.4 2.4
      vertex 96.4 9.72154 5.01081
    endloop
  endfacet
  facet normal -1 0 0
    outer loop
      vertex 96.4 2.4 2.4
      vertex 96.4 10.0825 3.66384
      vertex 96.4 10.6718 2.4
    endloop
  endfacet
  facet normal -1 0 0
    outer loop
      vertex 96.4 25.6 36.4
      vertex 96.4 32.8 2.4
      vertex 96.4 25.6 6.4
    endloop
  endfacet
  facet normal -1 0 0
    outer loop
      vertex 96.4 32.8 2.4
      vertex 96.4 25.4785 5.01081
      vertex 96.4 25.6 6.4
    endloop
  endfacet
  facet normal -1 0 0
    outer loop
      vertex 96.4 32.8 2.4
      vertex 96.4 25.1175 3.66384
      vertex 96.4 25.4785 5.01081
    endloop
  endfacet
  facet normal -1 0 -0
    outer loop
      vertex 96.4 25.1175 3.66384
      vertex 96.4 32.8 2.4
      vertex 96.4 24.5282 2.4
    endloop
  endfacet
  facet normal -1 0 0
    outer loop
      vertex 96.4 32.8 2.4
      vertex 96.4 25.6 36.4
      vertex 96.4 32.8 46
    endloop
  endfacet
  facet normal -1 0 0
    outer loop
      vertex 96.4 25.4785 37.7892
      vertex 96.4 32.8 46
      vertex 96.4 25.6 36.4
    endloop
  endfacet
  facet normal -1 0 0
    outer loop
      vertex 96.4 25.1175 39.1362
      vertex 96.4 32.8 46
      vertex 96.4 25.4785 37.7892
    endloop
  endfacet
  facet normal -1 0 0
    outer loop
      vertex 96.4 24.5282 40.4
      vertex 96.4 32.8 46
      vertex 96.4 25.1175 39.1362
    endloop
  endfacet
  facet normal -1 0 0
    outer loop
      vertex 96.4 23.7284 41.5423
      vertex 96.4 32.8 46
      vertex 96.4 24.5282 40.4
    endloop
  endfacet
  facet normal -1 0 0
    outer loop
      vertex 96.4 22.7423 42.5284
      vertex 96.4 32.8 46
      vertex 96.4 23.7284 41.5423
    endloop
  endfacet
  facet normal -1 0 0
    outer loop
      vertex 96.4 21.6 43.3282
      vertex 96.4 32.8 46
      vertex 96.4 22.7423 42.5284
    endloop
  endfacet
  facet normal -1 0 0
    outer loop
      vertex 96.4 20.3362 43.9175
      vertex 96.4 32.8 46
      vertex 96.4 21.6 43.3282
    endloop
  endfacet
  facet normal -1 0 0
    outer loop
      vertex 96.4 18.9892 44.2785
      vertex 96.4 32.8 46
      vertex 96.4 20.3362 43.9175
    endloop
  endfacet
  facet normal -1 0 0
    outer loop
      vertex 96.4 17.6 44.4
      vertex 96.4 32.8 46
      vertex 96.4 18.9892 44.2785
    endloop
  endfacet
  facet normal -1 0 0
    outer loop
      vertex 96.4 2.4 46
      vertex 96.4 17.6 44.4
      vertex 96.4 16.2108 44.2785
    endloop
  endfacet
  facet normal -1 0 0
    outer loop
      vertex 96.4 2.4 46
      vertex 96.4 9.6 36.4
      vertex 96.4 2.4 2.4
    endloop
  endfacet
  facet normal -1 0 0
    outer loop
      vertex 96.4 17.6 44.4
      vertex 96.4 2.4 46
      vertex 96.4 32.8 46
    endloop
  endfacet
  facet normal -1 0 0
    outer loop
      vertex 96.4 14.8638 43.9175
      vertex 96.4 2.4 46
      vertex 96.4 16.2108 44.2785
    endloop
  endfacet
  facet normal -1 0 0
    outer loop
      vertex 96.4 13.6 43.3282
      vertex 96.4 2.4 46
      vertex 96.4 14.8638 43.9175
    endloop
  endfacet
  facet normal -1 0 0
    outer loop
      vertex 96.4 12.4577 42.5284
      vertex 96.4 2.4 46
      vertex 96.4 13.6 43.3282
    endloop
  endfacet
  facet normal -1 0 0
    outer loop
      vertex 96.4 11.4716 41.5423
      vertex 96.4 2.4 46
      vertex 96.4 12.4577 42.5284
    endloop
  endfacet
  facet normal -1 0 0
    outer loop
      vertex 96.4 10.6718 40.4
      vertex 96.4 2.4 46
      vertex 96.4 11.4716 41.5423
    endloop
  endfacet
  facet normal -1 0 0
    outer loop
      vertex 96.4 10.0825 39.1362
      vertex 96.4 2.4 46
      vertex 96.4 10.6718 40.4
    endloop
  endfacet
  facet normal -1 0 0
    outer loop
      vertex 96.4 9.72154 37.7892
      vertex 96.4 2.4 46
      vertex 96.4 10.0825 39.1362
    endloop
  endfacet
  facet normal -1 0 0
    outer loop
      vertex 96.4 9.6 36.4
      vertex 96.4 2.4 46
      vertex 96.4 9.72154 37.7892
    endloop
  endfacet
  facet normal -0 0 1
    outer loop
      vertex 2.4 32.8 2.4
      vertex 7.4 28.8 2.4
      vertex 7.4 32.8 2.4
    endloop
  endfacet
  facet normal 0 0 1
    outer loop
      vertex 7.4 28.8 2.4
      vertex 2.4 32.8 2.4
      vertex 7.4 6.4 2.4
    endloop
  endfacet
  facet normal 0 0 1
    outer loop
      vertex 2.4 2.4 2.4
      vertex 7.4 6.4 2.4
      vertex 2.4 32.8 2.4
    endloop
  endfacet
  facet normal 0 0 1
    outer loop
      vertex 7.4 6.4 2.4
      vertex 2.4 2.4 2.4
      vertex 7.4 2.4 2.4
    endloop
  endfacet
  facet normal -0 0 1
    outer loop
      vertex 10.4 8.4 2.4
      vertex 11.4 6.4 2.4
      vertex 13.4 8.4 2.4
    endloop
  endfacet
  facet normal 0 0 1
    outer loop
      vertex 10.4 8.4 2.4
      vertex 7.4 6.4 2.4
      vertex 11.4 6.4 2.4
    endloop
  endfacet
  facet normal 0 0 1
    outer loop
      vertex 7.4 6.4 2.4
      vertex 10.4 8.4 2.4
      vertex 7.4 28.8 2.4
    endloop
  endfacet
  facet normal 0 0 1
    outer loop
      vertex 49.4 26.8 2.4
      vertex 58.4 28.8 2.4
      vertex 58.4 32.8 2.4
    endloop
  endfacet
  facet normal 0 0 1
    outer loop
      vertex 58.4 28.8 2.4
      vertex 49.4 26.8 2.4
      vertex 58.4 6.4 2.4
    endloop
  endfacet
  facet normal -0 0 1
    outer loop
      vertex 49.4 8.4 2.4
      vertex 58.4 6.4 2.4
      vertex 49.4 26.8 2.4
    endloop
  endfacet
  facet normal 0 0 1
    outer loop
      vertex 58.4 32.8 2.4
      vertex 46.4 26.8 2.4
      vertex 49.4 26.8 2.4
    endloop
  endfacet
  facet normal 0 0 1
    outer loop
      vertex 46.4 26.8 2.4
      vertex 31.4 26.8 2.4
      vertex 46.4 8.4 2.4
    endloop
  endfacet
  facet normal 0 0 1
    outer loop
      vertex 58.4 32.8 2.4
      vertex 31.4 26.8 2.4
      vertex 46.4 26.8 2.4
    endloop
  endfacet
  facet normal -0 0 1
    outer loop
      vertex 11.4 32.8 2.4
      vertex 31.4 26.8 2.4
      vertex 58.4 32.8 2.4
    endloop
  endfacet
  facet normal 0 0 1
    outer loop
      vertex 28.4 26.8 2.4
      vertex 13.4 26.8 2.4
      vertex 28.4 8.4 2.4
    endloop
  endfacet
  facet normal 0 0 1
    outer loop
      vertex 31.4 26.8 2.4
      vertex 11.4 32.8 2.4
      vertex 28.4 26.8 2.4
    endloop
  endfacet
  facet normal 0 0 1
    outer loop
      vertex 28.4 26.8 2.4
      vertex 11.4 32.8 2.4
      vertex 13.4 26.8 2.4
    endloop
  endfacet
  facet normal -0 0 1
    outer loop
      vertex 11.4 28.8 2.4
      vertex 13.4 26.8 2.4
      vertex 11.4 32.8 2.4
    endloop
  endfacet
  facet normal 0 0 1
    outer loop
      vertex 11.4 28.8 2.4
      vertex 10.4 26.8 2.4
      vertex 13.4 26.8 2.4
    endloop
  endfacet
  facet normal 0 0 1
    outer loop
      vertex 10.4 26.8 2.4
      vertex 7.4 28.8 2.4
      vertex 10.4 8.4 2.4
    endloop
  endfacet
  facet normal -0 0 1
    outer loop
      vertex 7.4 28.8 2.4
      vertex 10.4 26.8 2.4
      vertex 11.4 28.8 2.4
    endloop
  endfacet
  facet normal 0 0 1
    outer loop
      vertex 58.4 6.4 2.4
      vertex 64.4 8.4 2.4
      vertex 58.4 28.8 2.4
    endloop
  endfacet
  facet normal 0 0 1
    outer loop
      vertex 64.4 8.4 2.4
      vertex 58.4 6.4 2.4
      vertex 62.4 6.4 2.4
    endloop
  endfacet
  facet normal 0 0 1
    outer loop
      vertex 58.4 6.4 2.4
      vertex 49.4 8.4 2.4
      vertex 58.4 2.4 2.4
    endloop
  endfacet
  facet normal -0 0 1
    outer loop
      vertex 46.4 8.4 2.4
      vertex 58.4 2.4 2.4
      vertex 49.4 8.4 2.4
    endloop
  endfacet
  facet normal 0 0 1
    outer loop
      vertex 31.4 8.4 2.4
      vertex 46.4 8.4 2.4
      vertex 31.4 26.8 2.4
    endloop
  endfacet
  facet normal -0 0 1
    outer loop
      vertex 31.4 8.4 2.4
      vertex 58.4 2.4 2.4
      vertex 46.4 8.4 2.4
    endloop
  endfacet
  facet normal 0 0 1
    outer loop
      vertex 11.4 2.4 2.4
      vertex 31.4 8.4 2.4
      vertex 28.4 8.4 2.4
    endloop
  endfacet
  facet normal 0 0 1
    outer loop
      vertex 13.4 8.4 2.4
      vertex 28.4 8.4 2.4
      vertex 13.4 26.8 2.4
    endloop
  endfacet
  facet normal 0 0 1
    outer loop
      vertex 11.4 2.4 2.4
      vertex 28.4 8.4 2.4
      vertex 13.4 8.4 2.4
    endloop
  endfacet
  facet normal 0 0 1
    outer loop
      vertex 11.4 2.4 2.4
      vertex 13.4 8.4 2.4
      vertex 11.4 6.4 2.4
    endloop
  endfacet
  facet normal 0 0 1
    outer loop
      vertex 31.4 8.4 2.4
      vertex 11.4 2.4 2.4
      vertex 58.4 2.4 2.4
    endloop
  endfacet
  facet normal -0 0 1
    outer loop
      vertex 77.4 23.8 2.4
      vertex 81.4 11.4 2.4
      vertex 81.4 23.8 2.4
    endloop
  endfacet
  facet normal 0 0 1
    outer loop
      vertex 81.4 11.4 2.4
      vertex 77.4 23.8 2.4
      vertex 77.4 11.4 2.4
    endloop
  endfacet
  facet normal 0 0 1
    outer loop
      vertex 96.4 32.8 2.4
      vertex 95.4 24.5282 2.4
      vertex 96.4 24.5282 2.4
    endloop
  endfacet
  facet normal 0 0 1
    outer loop
      vertex 95.4 24.5282 2.4
      vertex 85.4 26.8 2.4
      vertex 95.4 10.6718 2.4
    endloop
  endfacet
  facet normal 0 0 1
    outer loop
      vertex 96.4 32.8 2.4
      vertex 85.4 26.8 2.4
      vertex 95.4 24.5282 2.4
    endloop
  endfacet
  facet normal -0 0 1
    outer loop
      vertex 81.4 27.8 2.4
      vertex 85.4 26.8 2.4
      vertex 96.4 32.8 2.4
    endloop
  endfacet
  facet normal 0 0 1
    outer loop
      vertex 81.4 23.8 2.4
      vertex 82.4 26.8 2.4
      vertex 81.4 27.8 2.4
    endloop
  endfacet
  facet normal 0 0 1
    outer loop
      vertex 85.4 26.8 2.4
      vertex 81.4 27.8 2.4
      vertex 82.4 26.8 2.4
    endloop
  endfacet
  facet normal 0 0 1
    outer loop
      vertex 96.4 32.8 2.4
      vertex 77.4 27.8 2.4
      vertex 81.4 27.8 2.4
    endloop
  endfacet
  facet normal -0 0 1
    outer loop
      vertex 67.4 26.8 2.4
      vertex 77.4 23.8 2.4
      vertex 77.4 27.8 2.4
    endloop
  endfacet
  facet normal 0 0 1
    outer loop
      vertex 77.4 23.8 2.4
      vertex 67.4 26.8 2.4
      vertex 77.4 11.4 2.4
    endloop
  endfacet
  facet normal 0 0 1
    outer loop
      vertex 67.4 8.4 2.4
      vertex 77.4 11.4 2.4
      vertex 67.4 26.8 2.4
    endloop
  endfacet
  facet normal -0 0 1
    outer loop
      vertex 62.4 32.8 2.4
      vertex 77.4 27.8 2.4
      vertex 96.4 32.8 2.4
    endloop
  endfacet
  facet normal 0 0 1
    outer loop
      vertex 77.4 27.8 2.4
      vertex 62.4 32.8 2.4
      vertex 67.4 26.8 2.4
    endloop
  endfacet
  facet normal 0 0 1
    outer loop
      vertex 67.4 26.8 2.4
      vertex 62.4 28.8 2.4
      vertex 64.4 26.8 2.4
    endloop
  endfacet
  facet normal -0 0 1
    outer loop
      vertex 62.4 28.8 2.4
      vertex 67.4 26.8 2.4
      vertex 62.4 32.8 2.4
    endloop
  endfacet
  facet normal -0 0 1
    outer loop
      vertex 95.4 10.6718 2.4
      vertex 96.4 2.4 2.4
      vertex 96.4 10.6718 2.4
    endloop
  endfacet
  facet normal 0 0 1
    outer loop
      vertex 85.4 8.4 2.4
      vertex 95.4 10.6718 2.4
      vertex 85.4 26.8 2.4
    endloop
  endfacet
  facet normal 0 0 1
    outer loop
      vertex 95.4 10.6718 2.4
      vertex 85.4 8.4 2.4
      vertex 96.4 2.4 2.4
    endloop
  endfacet
  facet normal 0 0 1
    outer loop
      vertex 81.4 7.4 2.4
      vertex 85.4 8.4 2.4
      vertex 82.4 8.4 2.4
    endloop
  endfacet
  facet normal 0 0 1
    outer loop
      vertex 82.4 26.8 2.4
      vertex 81.4 23.8 2.4
      vertex 82.4 8.4 2.4
    endloop
  endfacet
  facet normal -0 0 1
    outer loop
      vertex 81.4 11.4 2.4
      vertex 82.4 8.4 2.4
      vertex 81.4 23.8 2.4
    endloop
  endfacet
  facet normal 0 0 1
    outer loop
      vertex 81.4 7.4 2.4
      vertex 82.4 8.4 2.4
      vertex 81.4 11.4 2.4
    endloop
  endfacet
  facet normal 0 0 1
    outer loop
      vertex 85.4 8.4 2.4
      vertex 81.4 7.4 2.4
      vertex 96.4 2.4 2.4
    endloop
  endfacet
  facet normal -0 0 1
    outer loop
      vertex 77.4 7.4 2.4
      vertex 96.4 2.4 2.4
      vertex 81.4 7.4 2.4
    endloop
  endfacet
  facet normal 0 0 1
    outer loop
      vertex 77.4 11.4 2.4
      vertex 67.4 8.4 2.4
      vertex 77.4 7.4 2.4
    endloop
  endfacet
  facet normal 0 0 1
    outer loop
      vertex 62.4 2.4 2.4
      vertex 77.4 7.4 2.4
      vertex 67.4 8.4 2.4
    endloop
  endfacet
  facet normal 0 0 1
    outer loop
      vertex 62.4 6.4 2.4
      vertex 67.4 8.4 2.4
      vertex 64.4 8.4 2.4
    endloop
  endfacet
  facet normal -0 0 1
    outer loop
      vertex 58.4 28.8 2.4
      vertex 64.4 26.8 2.4
      vertex 62.4 28.8 2.4
    endloop
  endfacet
  facet normal 0 0 1
    outer loop
      vertex 64.4 26.8 2.4
      vertex 58.4 28.8 2.4
      vertex 64.4 8.4 2.4
    endloop
  endfacet
  facet normal 0 0 1
    outer loop
      vertex 67.4 8.4 2.4
      vertex 62.4 6.4 2.4
      vertex 62.4 2.4 2.4
    endloop
  endfacet
  facet normal 0 0 1
    outer loop
      vertex 77.4 7.4 2.4
      vertex 62.4 2.4 2.4
      vertex 96.4 2.4 2.4
    endloop
  endfacet
  facet normal 1 0 0
    outer loop
      vertex 2.4 28.6 18.5
      vertex 2.4 32.8 46
      vertex 2.4 28.6 36.5
    endloop
  endfacet
  facet normal 1 0 0
    outer loop
      vertex 2.4 32.8 46
      vertex 2.4 6.6 36.5
      vertex 2.4 28.6 36.5
    endloop
  endfacet
  facet normal 1 0 0
    outer loop
      vertex 2.4 6.6 36.5
      vertex 2.4 2.4 46
      vertex 2.4 6.6 18.5
    endloop
  endfacet
  facet normal 1 -0 0
    outer loop
      vertex 2.4 2.4 46
      vertex 2.4 6.6 36.5
      vertex 2.4 32.8 46
    endloop
  endfacet
  facet normal 1 0 0
    outer loop
      vertex 2.4 32.8 46
      vertex 2.4 28.6 18.5
      vertex 2.4 32.8 2.4
    endloop
  endfacet
  facet normal 1 -0 0
    outer loop
      vertex 2.4 6.6 18.5
      vertex 2.4 32.8 2.4
      vertex 2.4 28.6 18.5
    endloop
  endfacet
  facet normal 1 0 0
    outer loop
      vertex 2.4 6.6 18.5
      vertex 2.4 2.4 2.4
      vertex 2.4 32.8 2.4
    endloop
  endfacet
  facet normal 1 0 0
    outer loop
      vertex 2.4 2.4 2.4
      vertex 2.4 6.6 18.5
      vertex 2.4 2.4 46
    endloop
  endfacet
  facet normal 0 -1 0
    outer loop
      vertex 71.4 32.8 7.4
      vertex 80.4 32.8 19.4
      vertex 71.4 32.8 19.4
    endloop
  endfacet
  facet normal 0 -1 -0
    outer loop
      vertex 80.4 32.8 19.4
      vertex 71.4 32.8 7.4
      vertex 80.4 32.8 7.4
    endloop
  endfacet
  facet normal 0 -1 0
    outer loop
      vertex 62.4 32.8 18.4
      vertex 59.4 32.8 19.4
      vertex 59.4 32.8 18.4
    endloop
  endfacet
  facet normal 0 -1 0
    outer loop
      vertex 59.4 32.8 19.4
      vertex 62.4 32.8 18.4
      vertex 68.4 32.8 19.4
    endloop
  endfacet
  facet normal 0 -1 0
    outer loop
      vertex 62.4 32.8 18.4
      vertex 68.4 32.8 7.4
      vertex 68.4 32.8 19.4
    endloop
  endfacet
  facet normal 0 -1 0
    outer loop
      vertex 62.4 32.8 2.4
      vertex 71.4 32.8 7.4
      vertex 68.4 32.8 7.4
    endloop
  endfacet
  facet normal 0 -1 -0
    outer loop
      vertex 71.4 32.8 7.4
      vertex 62.4 32.8 2.4
      vertex 80.4 32.8 7.4
    endloop
  endfacet
  facet normal 0 -1 0
    outer loop
      vertex 96.4 32.8 2.4
      vertex 80.4 32.8 7.4
      vertex 62.4 32.8 2.4
    endloop
  endfacet
  facet normal 0 -1 0
    outer loop
      vertex 62.4 32.8 2.4
      vertex 68.4 32.8 7.4
      vertex 62.4 32.8 18.4
    endloop
  endfacet
  facet normal 0 -1 0
    outer loop
      vertex 47.4 32.8 7.4
      vertex 56.4 32.8 19.4
      vertex 47.4 32.8 19.4
    endloop
  endfacet
  facet normal 0 -1 -0
    outer loop
      vertex 56.4 32.8 19.4
      vertex 47.4 32.8 7.4
      vertex 56.4 32.8 7.4
    endloop
  endfacet
  facet normal 0 -1 0
    outer loop
      vertex 35.4 32.8 7.4
      vertex 44.4 32.8 19.4
      vertex 35.4 32.8 19.4
    endloop
  endfacet
  facet normal 0 -1 -0
    outer loop
      vertex 44.4 32.8 19.4
      vertex 35.4 32.8 7.4
      vertex 44.4 32.8 7.4
    endloop
  endfacet
  facet normal 0 -1 0
    outer loop
      vertex 23.4 32.8 7.4
      vertex 32.4 32.8 19.4
      vertex 23.4 32.8 19.4
    endloop
  endfacet
  facet normal 0 -1 -0
    outer loop
      vertex 32.4 32.8 19.4
      vertex 23.4 32.8 7.4
      vertex 32.4 32.8 7.4
    endloop
  endfacet
  facet normal 0 -1 -0
    outer loop
      vertex 12.4 32.8 20.4
      vertex 11.4 32.8 18.4
      vertex 20.4 32.8 19.4
    endloop
  endfacet
  facet normal 0 -1 0
    outer loop
      vertex 11.4 32.8 18.4
      vertex 20.4 32.8 7.4
      vertex 20.4 32.8 19.4
    endloop
  endfacet
  facet normal 0 -1 0
    outer loop
      vertex 11.4 32.8 2.4
      vertex 23.4 32.8 7.4
      vertex 20.4 32.8 7.4
    endloop
  endfacet
  facet normal 0 -1 -0
    outer loop
      vertex 23.4 32.8 7.4
      vertex 11.4 32.8 2.4
      vertex 32.4 32.8 7.4
    endloop
  endfacet
  facet normal 0 -1 -0
    outer loop
      vertex 32.4 32.8 7.4
      vertex 11.4 32.8 2.4
      vertex 35.4 32.8 7.4
    endloop
  endfacet
  facet normal 0 -1 0
    outer loop
      vertex 58.4 32.8 2.4
      vertex 35.4 32.8 7.4
      vertex 11.4 32.8 2.4
    endloop
  endfacet
  facet normal 0 -1 0
    outer loop
      vertex 35.4 32.8 7.4
      vertex 58.4 32.8 2.4
      vertex 44.4 32.8 7.4
    endloop
  endfacet
  facet normal 0 -1 0
    outer loop
      vertex 47.4 32.8 7.4
      vertex 58.4 32.8 2.4
      vertex 56.4 32.8 7.4
    endloop
  endfacet
  facet normal 0 -1 0
    outer loop
      vertex 11.4 32.8 2.4
      vertex 20.4 32.8 7.4
      vertex 11.4 32.8 18.4
    endloop
  endfacet
  facet normal 0 -1 0
    outer loop
      vertex 44.4 32.8 7.4
      vertex 58.4 32.8 2.4
      vertex 47.4 32.8 7.4
    endloop
  endfacet
  facet normal 0 -1 0
    outer loop
      vertex 56.4 32.8 7.4
      vertex 58.4 32.8 2.4
      vertex 58.4 32.8 7.4
    endloop
  endfacet
  facet normal 0 -1 0
    outer loop
      vertex 71.4 32.8 23.4
      vertex 80.4 32.8 34.4
      vertex 71.4 32.8 34.4
    endloop
  endfacet
  facet normal 0 -1 -0
    outer loop
      vertex 80.4 32.8 34.4
      vertex 71.4 32.8 23.4
      vertex 80.4 32.8 23.4
    endloop
  endfacet
  facet normal 0 -1 0
    outer loop
      vertex 59.4 32.8 23.4
      vertex 68.4 32.8 34.4
      vertex 59.4 32.8 34.4
    endloop
  endfacet
  facet normal 0 -1 -0
    outer loop
      vertex 68.4 32.8 34.4
      vertex 59.4 32.8 23.4
      vertex 68.4 32.8 23.4
    endloop
  endfacet
  facet normal 0 -1 0
    outer loop
      vertex 47.4 32.8 23.4
      vertex 56.4 32.8 34.4
      vertex 47.4 32.8 34.4
    endloop
  endfacet
  facet normal 0 -1 -0
    outer loop
      vertex 56.4 32.8 34.4
      vertex 47.4 32.8 23.4
      vertex 56.4 32.8 23.4
    endloop
  endfacet
  facet normal 0 -1 0
    outer loop
      vertex 35.4 32.8 23.4
      vertex 44.4 32.8 34.4
      vertex 35.4 32.8 34.4
    endloop
  endfacet
  facet normal 0 -1 -0
    outer loop
      vertex 44.4 32.8 34.4
      vertex 35.4 32.8 23.4
      vertex 44.4 32.8 23.4
    endloop
  endfacet
  facet normal 0 -1 0
    outer loop
      vertex 23.4 32.8 23.4
      vertex 32.4 32.8 34.4
      vertex 23.4 32.8 34.4
    endloop
  endfacet
  facet normal 0 -1 -0
    outer loop
      vertex 32.4 32.8 34.4
      vertex 23.4 32.8 23.4
      vertex 32.4 32.8 23.4
    endloop
  endfacet
  facet normal 0 -1 0
    outer loop
      vertex 11.4 32.8 23.4
      vertex 20.4 32.8 34.4
      vertex 11.4 32.8 34.4
    endloop
  endfacet
  facet normal 0 -1 -0
    outer loop
      vertex 20.4 32.8 34.4
      vertex 11.4 32.8 23.4
      vertex 20.4 32.8 23.4
    endloop
  endfacet
  facet normal 0 -1 0
    outer loop
      vertex 71.4 32.8 36.4
      vertex 80.4 32.8 40.4
      vertex 71.4 32.8 40.4
    endloop
  endfacet
  facet normal 0 -1 -0
    outer loop
      vertex 80.4 32.8 40.4
      vertex 71.4 32.8 36.4
      vertex 80.4 32.8 36.4
    endloop
  endfacet
  facet normal 0 -1 0
    outer loop
      vertex 59.4 32.8 36.4
      vertex 68.4 32.8 40.4
      vertex 59.4 32.8 40.4
    endloop
  endfacet
  facet normal 0 -1 -0
    outer loop
      vertex 68.4 32.8 40.4
      vertex 59.4 32.8 36.4
      vertex 68.4 32.8 36.4
    endloop
  endfacet
  facet normal 0 -1 0
    outer loop
      vertex 47.4 32.8 36.4
      vertex 56.4 32.8 40.4
      vertex 47.4 32.8 40.4
    endloop
  endfacet
  facet normal 0 -1 -0
    outer loop
      vertex 56.4 32.8 40.4
      vertex 47.4 32.8 36.4
      vertex 56.4 32.8 36.4
    endloop
  endfacet
  facet normal 0 -1 0
    outer loop
      vertex 35.4 32.8 36.4
      vertex 44.4 32.8 40.4
      vertex 35.4 32.8 40.4
    endloop
  endfacet
  facet normal 0 -1 -0
    outer loop
      vertex 44.4 32.8 40.4
      vertex 35.4 32.8 36.4
      vertex 44.4 32.8 36.4
    endloop
  endfacet
  facet normal 0 -1 0
    outer loop
      vertex 23.4 32.8 36.4
      vertex 32.4 32.8 40.4
      vertex 23.4 32.8 40.4
    endloop
  endfacet
  facet normal 0 -1 -0
    outer loop
      vertex 32.4 32.8 40.4
      vertex 23.4 32.8 36.4
      vertex 32.4 32.8 36.4
    endloop
  endfacet
  facet normal 0 -1 0
    outer loop
      vertex 11.4 32.8 36.4
      vertex 20.4 32.8 40.4
      vertex 11.4 32.8 40.4
    endloop
  endfacet
  facet normal 0 -1 -0
    outer loop
      vertex 20.4 32.8 40.4
      vertex 11.4 32.8 36.4
      vertex 20.4 32.8 36.4
    endloop
  endfacet
  facet normal 0 -1 0
    outer loop
      vertex 11.4 32.8 40.4
      vertex 2.4 32.8 46
      vertex 8.4 32.8 40.4
    endloop
  endfacet
  facet normal 0 -1 0
    outer loop
      vertex 2.4 32.8 46
      vertex 8.4 32.8 36.4
      vertex 8.4 32.8 40.4
    endloop
  endfacet
  facet normal 0 -1 0
    outer loop
      vertex 11.4 32.8 34.4
      vertex 11.4 32.8 36.4
      vertex 8.4 32.8 36.4
    endloop
  endfacet
  facet normal 0 -1 0
    outer loop
      vertex 11.4 32.8 36.4
      vertex 11.4 32.8 34.4
      vertex 20.4 32.8 36.4
    endloop
  endfacet
  facet normal 0 -1 0
    outer loop
      vertex 20.4 32.8 36.4
      vertex 20.4 32.8 34.4
      vertex 23.4 32.8 36.4
    endloop
  endfacet
  facet normal 0 -1 0
    outer loop
      vertex 23.4 32.8 34.4
      vertex 23.4 32.8 36.4
      vertex 20.4 32.8 34.4
    endloop
  endfacet
  facet normal 0 -1 0
    outer loop
      vertex 32.4 32.8 34.4
      vertex 32.4 32.8 36.4
      vertex 23.4 32.8 34.4
    endloop
  endfacet
  facet normal 0 -1 0
    outer loop
      vertex 32.4 32.8 36.4
      vertex 32.4 32.8 34.4
      vertex 35.4 32.8 36.4
    endloop
  endfacet
  facet normal 0 -1 0
    outer loop
      vertex 35.4 32.8 36.4
      vertex 35.4 32.8 34.4
      vertex 44.4 32.8 36.4
    endloop
  endfacet
  facet normal 0 -1 0
    outer loop
      vertex 44.4 32.8 34.4
      vertex 44.4 32.8 36.4
      vertex 35.4 32.8 34.4
    endloop
  endfacet
  facet normal 0 -1 0
    outer loop
      vertex 47.4 32.8 34.4
      vertex 47.4 32.8 36.4
      vertex 44.4 32.8 34.4
    endloop
  endfacet
  facet normal 0 -1 0
    outer loop
      vertex 56.4 32.8 34.4
      vertex 56.4 32.8 36.4
      vertex 47.4 32.8 34.4
    endloop
  endfacet
  facet normal 0 -1 0
    outer loop
      vertex 56.4 32.8 36.4
      vertex 56.4 32.8 34.4
      vertex 59.4 32.8 36.4
    endloop
  endfacet
  facet normal 0 -1 0
    outer loop
      vertex 59.4 32.8 34.4
      vertex 59.4 32.8 36.4
      vertex 56.4 32.8 34.4
    endloop
  endfacet
  facet normal 0 -1 0
    outer loop
      vertex 11.4 32.8 34.4
      vertex 8.4 32.8 36.4
      vertex 8.4 32.8 34.4
    endloop
  endfacet
  facet normal 0 -1 0
    outer loop
      vertex 2.4 32.8 46
      vertex 8.4 32.8 34.4
      vertex 8.4 32.8 36.4
    endloop
  endfacet
  facet normal 0 -1 0
    outer loop
      vertex 2.4 32.8 46
      vertex 8.4 32.8 23.4
      vertex 8.4 32.8 34.4
    endloop
  endfacet
  facet normal 0 -1 0
    outer loop
      vertex 11.4 32.8 19.4
      vertex 11.4 32.8 23.4
      vertex 8.4 32.8 23.4
    endloop
  endfacet
  facet normal 0 -1 0
    outer loop
      vertex 11.4 32.8 23.4
      vertex 12.4 32.8 22.4
      vertex 20.4 32.8 23.4
    endloop
  endfacet
  facet normal 0 -1 -0
    outer loop
      vertex 20.4 32.8 23.4
      vertex 12.4 32.8 22.4
      vertex 23.4 32.8 23.4
    endloop
  endfacet
  facet normal 0 -1 -0
    outer loop
      vertex 23.4 32.8 23.4
      vertex 12.4 32.8 22.4
      vertex 32.4 32.8 23.4
    endloop
  endfacet
  facet normal 0 -1 -0
    outer loop
      vertex 32.4 32.8 23.4
      vertex 12.4 32.8 22.4
      vertex 35.4 32.8 23.4
    endloop
  endfacet
  facet normal 0 -1 0
    outer loop
      vertex 57.4 32.8 22.4
      vertex 35.4 32.8 23.4
      vertex 12.4 32.8 22.4
    endloop
  endfacet
  facet normal 0 -1 0
    outer loop
      vertex 35.4 32.8 23.4
      vertex 57.4 32.8 22.4
      vertex 44.4 32.8 23.4
    endloop
  endfacet
  facet normal 0 -1 0
    outer loop
      vertex 44.4 32.8 23.4
      vertex 57.4 32.8 22.4
      vertex 47.4 32.8 23.4
    endloop
  endfacet
  facet normal 0 -1 0
    outer loop
      vertex 47.4 32.8 23.4
      vertex 57.4 32.8 22.4
      vertex 56.4 32.8 23.4
    endloop
  endfacet
  facet normal 0 -1 0
    outer loop
      vertex 59.4 32.8 19.4
      vertex 59.4 32.8 23.4
      vertex 57.4 32.8 22.4
    endloop
  endfacet
  facet normal 0 -1 0
    outer loop
      vertex 59.4 32.8 23.4
      vertex 59.4 32.8 19.4
      vertex 68.4 32.8 23.4
    endloop
  endfacet
  facet normal 0 -1 0
    outer loop
      vertex 68.4 32.8 23.4
      vertex 68.4 32.8 19.4
      vertex 71.4 32.8 23.4
    endloop
  endfacet
  facet normal 0 -1 0
    outer loop
      vertex 56.4 32.8 23.4
      vertex 57.4 32.8 22.4
      vertex 59.4 32.8 23.4
    endloop
  endfacet
  facet normal 0 -1 0
    outer loop
      vertex 11.4 32.8 23.4
      vertex 11.4 32.8 19.4
      vertex 12.4 32.8 22.4
    endloop
  endfacet
  facet normal 0 -1 -0
    outer loop
      vertex 12.4 32.8 22.4
      vertex 11.4 32.8 19.4
      vertex 12.4 32.8 20.4
    endloop
  endfacet
  facet normal 0 -1 0
    outer loop
      vertex 11.4 32.8 19.4
      vertex 8.4 32.8 23.4
      vertex 8.4 32.8 19.4
    endloop
  endfacet
  facet normal 0 -1 0
    outer loop
      vertex 7.4 32.8 18.4
      vertex 8.4 32.8 23.4
      vertex 2.4 32.8 46
    endloop
  endfacet
  facet normal 0 -1 -0
    outer loop
      vertex 8.4 32.8 23.4
      vertex 7.4 32.8 18.4
      vertex 8.4 32.8 19.4
    endloop
  endfacet
  facet normal 0 -1 0
    outer loop
      vertex 2.4 32.8 2.4
      vertex 7.4 32.8 18.4
      vertex 2.4 32.8 46
    endloop
  endfacet
  facet normal 0 -1 -0
    outer loop
      vertex 7.4 32.8 18.4
      vertex 2.4 32.8 2.4
      vertex 7.4 32.8 2.4
    endloop
  endfacet
  facet normal 0 -1 0
    outer loop
      vertex 20.4 32.8 40.4
      vertex 2.4 32.8 46
      vertex 11.4 32.8 40.4
    endloop
  endfacet
  facet normal 0 -1 0
    outer loop
      vertex 23.4 32.8 40.4
      vertex 2.4 32.8 46
      vertex 20.4 32.8 40.4
    endloop
  endfacet
  facet normal 0 -1 0
    outer loop
      vertex 32.4 32.8 40.4
      vertex 2.4 32.8 46
      vertex 23.4 32.8 40.4
    endloop
  endfacet
  facet normal 0 -1 0
    outer loop
      vertex 35.4 32.8 40.4
      vertex 2.4 32.8 46
      vertex 32.4 32.8 40.4
    endloop
  endfacet
  facet normal 0 -1 0
    outer loop
      vertex 44.4 32.8 40.4
      vertex 2.4 32.8 46
      vertex 35.4 32.8 40.4
    endloop
  endfacet
  facet normal 0 -1 0
    outer loop
      vertex 47.4 32.8 40.4
      vertex 2.4 32.8 46
      vertex 44.4 32.8 40.4
    endloop
  endfacet
  facet normal 0 -1 0
    outer loop
      vertex 2.4 32.8 46
      vertex 47.4 32.8 40.4
      vertex 96.4 32.8 46
    endloop
  endfacet
  facet normal 0 -1 0
    outer loop
      vertex 56.4 32.8 40.4
      vertex 96.4 32.8 46
      vertex 47.4 32.8 40.4
    endloop
  endfacet
  facet normal 0 -1 0
    outer loop
      vertex 59.4 32.8 40.4
      vertex 96.4 32.8 46
      vertex 56.4 32.8 40.4
    endloop
  endfacet
  facet normal 0 -1 0
    outer loop
      vertex 68.4 32.8 40.4
      vertex 96.4 32.8 46
      vertex 59.4 32.8 40.4
    endloop
  endfacet
  facet normal 0 -1 0
    outer loop
      vertex 71.4 32.8 40.4
      vertex 96.4 32.8 46
      vertex 68.4 32.8 40.4
    endloop
  endfacet
  facet normal 0 -1 0
    outer loop
      vertex 80.4 32.8 40.4
      vertex 96.4 32.8 46
      vertex 71.4 32.8 40.4
    endloop
  endfacet
  facet normal 0 -1 0
    outer loop
      vertex 83.4 32.8 40.4
      vertex 96.4 32.8 46
      vertex 80.4 32.8 40.4
    endloop
  endfacet
  facet normal 0 -1 0
    outer loop
      vertex 83.4 32.8 36.4
      vertex 96.4 32.8 46
      vertex 83.4 32.8 40.4
    endloop
  endfacet
  facet normal 0 -1 -0
    outer loop
      vertex 20.4 32.8 36.4
      vertex 11.4 32.8 34.4
      vertex 20.4 32.8 34.4
    endloop
  endfacet
  facet normal 0 -1 0
    outer loop
      vertex 23.4 32.8 36.4
      vertex 23.4 32.8 34.4
      vertex 32.4 32.8 36.4
    endloop
  endfacet
  facet normal 0 -1 0
    outer loop
      vertex 35.4 32.8 34.4
      vertex 35.4 32.8 36.4
      vertex 32.4 32.8 34.4
    endloop
  endfacet
  facet normal 0 -1 0
    outer loop
      vertex 44.4 32.8 36.4
      vertex 44.4 32.8 34.4
      vertex 47.4 32.8 36.4
    endloop
  endfacet
  facet normal 0 -1 0
    outer loop
      vertex 47.4 32.8 36.4
      vertex 47.4 32.8 34.4
      vertex 56.4 32.8 36.4
    endloop
  endfacet
  facet normal 0 -1 0
    outer loop
      vertex 59.4 32.8 36.4
      vertex 59.4 32.8 34.4
      vertex 68.4 32.8 36.4
    endloop
  endfacet
  facet normal 0 -1 0
    outer loop
      vertex 68.4 32.8 34.4
      vertex 68.4 32.8 36.4
      vertex 59.4 32.8 34.4
    endloop
  endfacet
  facet normal 0 -1 0
    outer loop
      vertex 68.4 32.8 36.4
      vertex 68.4 32.8 34.4
      vertex 71.4 32.8 36.4
    endloop
  endfacet
  facet normal 0 -1 0
    outer loop
      vertex 71.4 32.8 34.4
      vertex 71.4 32.8 36.4
      vertex 68.4 32.8 34.4
    endloop
  endfacet
  facet normal 0 -1 0
    outer loop
      vertex 71.4 32.8 36.4
      vertex 71.4 32.8 34.4
      vertex 80.4 32.8 36.4
    endloop
  endfacet
  facet normal 0 -1 0
    outer loop
      vertex 80.4 32.8 34.4
      vertex 80.4 32.8 36.4
      vertex 71.4 32.8 34.4
    endloop
  endfacet
  facet normal 0 -1 0
    outer loop
      vertex 80.4 32.8 36.4
      vertex 80.4 32.8 34.4
      vertex 83.4 32.8 36.4
    endloop
  endfacet
  facet normal 0 -1 0
    outer loop
      vertex 83.4 32.8 34.4
      vertex 83.4 32.8 36.4
      vertex 80.4 32.8 34.4
    endloop
  endfacet
  facet normal 0 -1 0
    outer loop
      vertex 83.4 32.8 34.4
      vertex 96.4 32.8 46
      vertex 83.4 32.8 36.4
    endloop
  endfacet
  facet normal 0 -1 0
    outer loop
      vertex 83.4 32.8 23.4
      vertex 96.4 32.8 46
      vertex 83.4 32.8 34.4
    endloop
  endfacet
  facet normal 0 -1 0
    outer loop
      vertex 71.4 32.8 19.4
      vertex 71.4 32.8 23.4
      vertex 68.4 32.8 19.4
    endloop
  endfacet
  facet normal 0 -1 0
    outer loop
      vertex 59.4 32.8 19.4
      vertex 57.4 32.8 22.4
      vertex 57.4 32.8 20.4
    endloop
  endfacet
  facet normal 0 -1 0
    outer loop
      vertex 11.4 32.8 18.4
      vertex 12.4 32.8 20.4
      vertex 11.4 32.8 19.4
    endloop
  endfacet
  facet normal 0 -1 0
    outer loop
      vertex 23.4 32.8 19.4
      vertex 12.4 32.8 20.4
      vertex 20.4 32.8 19.4
    endloop
  endfacet
  facet normal 0 -1 0
    outer loop
      vertex 32.4 32.8 19.4
      vertex 12.4 32.8 20.4
      vertex 23.4 32.8 19.4
    endloop
  endfacet
  facet normal 0 -1 0
    outer loop
      vertex 12.4 32.8 20.4
      vertex 32.4 32.8 19.4
      vertex 57.4 32.8 20.4
    endloop
  endfacet
  facet normal 0 -1 0
    outer loop
      vertex 35.4 32.8 19.4
      vertex 57.4 32.8 20.4
      vertex 32.4 32.8 19.4
    endloop
  endfacet
  facet normal 0 -1 0
    outer loop
      vertex 44.4 32.8 19.4
      vertex 57.4 32.8 20.4
      vertex 35.4 32.8 19.4
    endloop
  endfacet
  facet normal 0 -1 0
    outer loop
      vertex 47.4 32.8 19.4
      vertex 57.4 32.8 20.4
      vertex 44.4 32.8 19.4
    endloop
  endfacet
  facet normal 0 -1 0
    outer loop
      vertex 56.4 32.8 19.4
      vertex 57.4 32.8 20.4
      vertex 47.4 32.8 19.4
    endloop
  endfacet
  facet normal 0 -1 0
    outer loop
      vertex 59.4 32.8 19.4
      vertex 57.4 32.8 20.4
      vertex 56.4 32.8 19.4
    endloop
  endfacet
  facet normal 0 -1 -0
    outer loop
      vertex 68.4 32.8 23.4
      vertex 59.4 32.8 19.4
      vertex 68.4 32.8 19.4
    endloop
  endfacet
  facet normal 0 -1 0
    outer loop
      vertex 71.4 32.8 23.4
      vertex 71.4 32.8 19.4
      vertex 80.4 32.8 23.4
    endloop
  endfacet
  facet normal 0 -1 0
    outer loop
      vertex 80.4 32.8 19.4
      vertex 80.4 32.8 23.4
      vertex 71.4 32.8 19.4
    endloop
  endfacet
  facet normal 0 -1 0
    outer loop
      vertex 80.4 32.8 23.4
      vertex 80.4 32.8 19.4
      vertex 83.4 32.8 23.4
    endloop
  endfacet
  facet normal 0 -1 0
    outer loop
      vertex 83.4 32.8 19.4
      vertex 83.4 32.8 23.4
      vertex 80.4 32.8 19.4
    endloop
  endfacet
  facet normal 0 -1 0
    outer loop
      vertex 96.4 32.8 2.4
      vertex 83.4 32.8 23.4
      vertex 83.4 32.8 19.4
    endloop
  endfacet
  facet normal 0 -1 0
    outer loop
      vertex 96.4 32.8 2.4
      vertex 83.4 32.8 19.4
      vertex 83.4 32.8 7.4
    endloop
  endfacet
  facet normal 0 -1 0
    outer loop
      vertex 83.4 32.8 23.4
      vertex 96.4 32.8 2.4
      vertex 96.4 32.8 46
    endloop
  endfacet
  facet normal 0 -1 0
    outer loop
      vertex 80.4 32.8 7.4
      vertex 96.4 32.8 2.4
      vertex 83.4 32.8 7.4
    endloop
  endfacet
  facet normal 0 -1 -0
    outer loop
      vertex 8.4 32.8 19.4
      vertex 7.4 32.8 18.4
      vertex 8.4 32.8 18.4
    endloop
  endfacet
  facet normal 0 1 -0
    outer loop
      vertex 58.4 2.4 2.4
      vertex 56.4 2.4 7.4
      vertex 58.4 2.4 7.4
    endloop
  endfacet
  facet normal 0 1 0
    outer loop
      vertex 56.4 2.4 7.4
      vertex 58.4 2.4 2.4
      vertex 47.4 2.4 7.4
    endloop
  endfacet
  facet normal 0 1 0
    outer loop
      vertex 47.4 2.4 7.4
      vertex 58.4 2.4 2.4
      vertex 44.4 2.4 7.4
    endloop
  endfacet
  facet normal 0 1 0
    outer loop
      vertex 44.4 2.4 7.4
      vertex 58.4 2.4 2.4
      vertex 35.4 2.4 7.4
    endloop
  endfacet
  facet normal 0 1 0
    outer loop
      vertex 11.4 2.4 2.4
      vertex 35.4 2.4 7.4
      vertex 58.4 2.4 2.4
    endloop
  endfacet
  facet normal 0 1 0
    outer loop
      vertex 35.4 2.4 7.4
      vertex 11.4 2.4 2.4
      vertex 32.4 2.4 7.4
    endloop
  endfacet
  facet normal 0 1 0
    outer loop
      vertex 32.4 2.4 7.4
      vertex 11.4 2.4 2.4
      vertex 23.4 2.4 7.4
    endloop
  endfacet
  facet normal 0 1 0
    outer loop
      vertex 13.4 2.4 20.4
      vertex 11.4 2.4 18.4
      vertex 11.4 2.4 19.4
    endloop
  endfacet
  facet normal 0 1 -0
    outer loop
      vertex 20.4 2.4 7.4
      vertex 11.4 2.4 18.4
      vertex 20.4 2.4 19.4
    endloop
  endfacet
  facet normal 0 1 0
    outer loop
      vertex 20.4 2.4 7.4
      vertex 11.4 2.4 2.4
      vertex 11.4 2.4 18.4
    endloop
  endfacet
  facet normal 0 1 0
    outer loop
      vertex 23.4 2.4 7.4
      vertex 11.4 2.4 2.4
      vertex 20.4 2.4 7.4
    endloop
  endfacet
  facet normal 0 1 -0
    outer loop
      vertex 32.4 2.4 7.4
      vertex 23.4 2.4 19.4
      vertex 32.4 2.4 19.4
    endloop
  endfacet
  facet normal 0 1 0
    outer loop
      vertex 23.4 2.4 19.4
      vertex 32.4 2.4 7.4
      vertex 23.4 2.4 7.4
    endloop
  endfacet
  facet normal 0 1 -0
    outer loop
      vertex 44.4 2.4 7.4
      vertex 35.4 2.4 19.4
      vertex 44.4 2.4 19.4
    endloop
  endfacet
  facet normal 0 1 0
    outer loop
      vertex 35.4 2.4 19.4
      vertex 44.4 2.4 7.4
      vertex 35.4 2.4 7.4
    endloop
  endfacet
  facet normal 0 1 -0
    outer loop
      vertex 56.4 2.4 7.4
      vertex 47.4 2.4 19.4
      vertex 56.4 2.4 19.4
    endloop
  endfacet
  facet normal 0 1 0
    outer loop
      vertex 47.4 2.4 19.4
      vertex 56.4 2.4 7.4
      vertex 47.4 2.4 7.4
    endloop
  endfacet
  facet normal 0 1 0
    outer loop
      vertex 59.4 2.4 23.4
      vertex 62.4 2.4 18.4
      vertex 59.4 2.4 19.4
    endloop
  endfacet
  facet normal 0 1 -0
    outer loop
      vertex 68.4 2.4 7.4
      vertex 62.4 2.4 18.4
      vertex 68.4 2.4 19.4
    endloop
  endfacet
  facet normal 0 1 0
    outer loop
      vertex 68.4 2.4 7.4
      vertex 62.4 2.4 2.4
      vertex 62.4 2.4 18.4
    endloop
  endfacet
  facet normal 0 1 0
    outer loop
      vertex 71.4 2.4 7.4
      vertex 62.4 2.4 2.4
      vertex 68.4 2.4 7.4
    endloop
  endfacet
  facet normal 0 1 -0
    outer loop
      vertex 80.4 2.4 7.4
      vertex 71.4 2.4 19.4
      vertex 80.4 2.4 19.4
    endloop
  endfacet
  facet normal 0 1 0
    outer loop
      vertex 71.4 2.4 19.4
      vertex 80.4 2.4 7.4
      vertex 71.4 2.4 7.4
    endloop
  endfacet
  facet normal 0 1 0
    outer loop
      vertex 20.4 2.4 19.4
      vertex 20.4 2.4 23.4
      vertex 23.4 2.4 20.4
    endloop
  endfacet
  facet normal 0 1 0
    outer loop
      vertex 20.4 2.4 23.4
      vertex 20.4 2.4 19.4
      vertex 13.4 2.4 22.4
    endloop
  endfacet
  facet normal 0 1 0
    outer loop
      vertex 13.4 2.4 22.4
      vertex 20.4 2.4 34.4
      vertex 20.4 2.4 23.4
    endloop
  endfacet
  facet normal 0 1 0
    outer loop
      vertex 20.4 2.4 34.4
      vertex 13.4 2.4 22.4
      vertex 11.4 2.4 34.4
    endloop
  endfacet
  facet normal 0 1 -0
    outer loop
      vertex 32.4 2.4 23.4
      vertex 23.4 2.4 34.4
      vertex 32.4 2.4 34.4
    endloop
  endfacet
  facet normal 0 1 0
    outer loop
      vertex 23.4 2.4 34.4
      vertex 32.4 2.4 23.4
      vertex 23.4 2.4 23.4
    endloop
  endfacet
  facet normal 0 1 -0
    outer loop
      vertex 44.4 2.4 23.4
      vertex 35.4 2.4 34.4
      vertex 44.4 2.4 34.4
    endloop
  endfacet
  facet normal 0 1 0
    outer loop
      vertex 35.4 2.4 34.4
      vertex 44.4 2.4 23.4
      vertex 35.4 2.4 23.4
    endloop
  endfacet
  facet normal 0 1 -0
    outer loop
      vertex 56.4 2.4 23.4
      vertex 47.4 2.4 34.4
      vertex 56.4 2.4 34.4
    endloop
  endfacet
  facet normal 0 1 0
    outer loop
      vertex 47.4 2.4 34.4
      vertex 56.4 2.4 23.4
      vertex 47.4 2.4 23.4
    endloop
  endfacet
  facet normal 0 1 -0
    outer loop
      vertex 68.4 2.4 23.4
      vertex 59.4 2.4 34.4
      vertex 68.4 2.4 34.4
    endloop
  endfacet
  facet normal 0 1 0
    outer loop
      vertex 59.4 2.4 34.4
      vertex 68.4 2.4 23.4
      vertex 59.4 2.4 23.4
    endloop
  endfacet
  facet normal 0 1 -0
    outer loop
      vertex 80.4 2.4 23.4
      vertex 71.4 2.4 34.4
      vertex 80.4 2.4 34.4
    endloop
  endfacet
  facet normal 0 1 0
    outer loop
      vertex 71.4 2.4 34.4
      vertex 80.4 2.4 23.4
      vertex 71.4 2.4 23.4
    endloop
  endfacet
  facet normal 0 1 -0
    outer loop
      vertex 20.4 2.4 36.4
      vertex 11.4 2.4 40.4
      vertex 20.4 2.4 40.4
    endloop
  endfacet
  facet normal 0 1 0
    outer loop
      vertex 11.4 2.4 40.4
      vertex 20.4 2.4 36.4
      vertex 11.4 2.4 36.4
    endloop
  endfacet
  facet normal 0 1 -0
    outer loop
      vertex 32.4 2.4 36.4
      vertex 23.4 2.4 40.4
      vertex 32.4 2.4 40.4
    endloop
  endfacet
  facet normal 0 1 0
    outer loop
      vertex 23.4 2.4 40.4
      vertex 32.4 2.4 36.4
      vertex 23.4 2.4 36.4
    endloop
  endfacet
  facet normal 0 1 -0
    outer loop
      vertex 44.4 2.4 36.4
      vertex 35.4 2.4 40.4
      vertex 44.4 2.4 40.4
    endloop
  endfacet
  facet normal 0 1 0
    outer loop
      vertex 35.4 2.4 40.4
      vertex 44.4 2.4 36.4
      vertex 35.4 2.4 36.4
    endloop
  endfacet
  facet normal 0 1 -0
    outer loop
      vertex 56.4 2.4 36.4
      vertex 47.4 2.4 40.4
      vertex 56.4 2.4 40.4
    endloop
  endfacet
  facet normal 0 1 0
    outer loop
      vertex 47.4 2.4 40.4
      vertex 56.4 2.4 36.4
      vertex 47.4 2.4 36.4
    endloop
  endfacet
  facet normal 0 1 -0
    outer loop
      vertex 68.4 2.4 36.4
      vertex 59.4 2.4 40.4
      vertex 68.4 2.4 40.4
    endloop
  endfacet
  facet normal 0 1 0
    outer loop
      vertex 59.4 2.4 40.4
      vertex 68.4 2.4 36.4
      vertex 59.4 2.4 36.4
    endloop
  endfacet
  facet normal 0 1 -0
    outer loop
      vertex 80.4 2.4 36.4
      vertex 71.4 2.4 40.4
      vertex 80.4 2.4 40.4
    endloop
  endfacet
  facet normal 0 1 0
    outer loop
      vertex 71.4 2.4 40.4
      vertex 80.4 2.4 36.4
      vertex 71.4 2.4 36.4
    endloop
  endfacet
  facet normal 0 1 0
    outer loop
      vertex 80.4 2.4 40.4
      vertex 96.4 2.4 46
      vertex 83.4 2.4 40.4
    endloop
  endfacet
  facet normal 0 1 0
    outer loop
      vertex 96.4 2.4 46
      vertex 83.4 2.4 36.4
      vertex 83.4 2.4 40.4
    endloop
  endfacet
  facet normal 0 1 0
    outer loop
      vertex 80.4 2.4 34.4
      vertex 80.4 2.4 36.4
      vertex 83.4 2.4 36.4
    endloop
  endfacet
  facet normal 0 1 0
    outer loop
      vertex 80.4 2.4 36.4
      vertex 80.4 2.4 34.4
      vertex 71.4 2.4 36.4
    endloop
  endfacet
  facet normal 0 1 0
    outer loop
      vertex 71.4 2.4 36.4
      vertex 71.4 2.4 34.4
      vertex 68.4 2.4 36.4
    endloop
  endfacet
  facet normal 0 1 0
    outer loop
      vertex 68.4 2.4 34.4
      vertex 68.4 2.4 36.4
      vertex 71.4 2.4 34.4
    endloop
  endfacet
  facet normal 0 1 0
    outer loop
      vertex 59.4 2.4 34.4
      vertex 59.4 2.4 36.4
      vertex 68.4 2.4 34.4
    endloop
  endfacet
  facet normal 0 1 0
    outer loop
      vertex 59.4 2.4 36.4
      vertex 59.4 2.4 34.4
      vertex 56.4 2.4 36.4
    endloop
  endfacet
  facet normal 0 1 0
    outer loop
      vertex 56.4 2.4 36.4
      vertex 56.4 2.4 34.4
      vertex 47.4 2.4 36.4
    endloop
  endfacet
  facet normal 0 1 0
    outer loop
      vertex 47.4 2.4 34.4
      vertex 47.4 2.4 36.4
      vertex 56.4 2.4 34.4
    endloop
  endfacet
  facet normal 0 1 0
    outer loop
      vertex 44.4 2.4 34.4
      vertex 44.4 2.4 36.4
      vertex 47.4 2.4 34.4
    endloop
  endfacet
  facet normal 0 1 0
    outer loop
      vertex 35.4 2.4 34.4
      vertex 35.4 2.4 36.4
      vertex 44.4 2.4 34.4
    endloop
  endfacet
  facet normal 0 1 0
    outer loop
      vertex 35.4 2.4 36.4
      vertex 35.4 2.4 34.4
      vertex 32.4 2.4 36.4
    endloop
  endfacet
  facet normal 0 1 0
    outer loop
      vertex 32.4 2.4 34.4
      vertex 32.4 2.4 36.4
      vertex 35.4 2.4 34.4
    endloop
  endfacet
  facet normal 0 1 0
    outer loop
      vertex 80.4 2.4 34.4
      vertex 83.4 2.4 36.4
      vertex 83.4 2.4 34.4
    endloop
  endfacet
  facet normal 0 1 0
    outer loop
      vertex 96.4 2.4 46
      vertex 83.4 2.4 34.4
      vertex 83.4 2.4 36.4
    endloop
  endfacet
  facet normal 0 1 0
    outer loop
      vertex 96.4 2.4 46
      vertex 83.4 2.4 23.4
      vertex 83.4 2.4 34.4
    endloop
  endfacet
  facet normal 0 1 0
    outer loop
      vertex 80.4 2.4 19.4
      vertex 80.4 2.4 23.4
      vertex 83.4 2.4 23.4
    endloop
  endfacet
  facet normal 0 1 0
    outer loop
      vertex 80.4 2.4 23.4
      vertex 80.4 2.4 19.4
      vertex 71.4 2.4 23.4
    endloop
  endfacet
  facet normal 0 1 0
    outer loop
      vertex 71.4 2.4 23.4
      vertex 71.4 2.4 19.4
      vertex 68.4 2.4 23.4
    endloop
  endfacet
  facet normal 0 1 0
    outer loop
      vertex 68.4 2.4 19.4
      vertex 68.4 2.4 23.4
      vertex 71.4 2.4 19.4
    endloop
  endfacet
  facet normal 0 1 0
    outer loop
      vertex 68.4 2.4 23.4
      vertex 62.4 2.4 18.4
      vertex 59.4 2.4 23.4
    endloop
  endfacet
  facet normal 0 1 0
    outer loop
      vertex 56.4 2.4 23.4
      vertex 57.4 2.4 22.4
      vertex 47.4 2.4 23.4
    endloop
  endfacet
  facet normal 0 1 0
    outer loop
      vertex 47.4 2.4 23.4
      vertex 57.4 2.4 22.4
      vertex 44.4 2.4 23.4
    endloop
  endfacet
  facet normal 0 1 0
    outer loop
      vertex 44.4 2.4 23.4
      vertex 57.4 2.4 22.4
      vertex 35.4 2.4 23.4
    endloop
  endfacet
  facet normal 0 1 0
    outer loop
      vertex 23.4 2.4 22.4
      vertex 35.4 2.4 23.4
      vertex 57.4 2.4 22.4
    endloop
  endfacet
  facet normal 0 1 0
    outer loop
      vertex 35.4 2.4 23.4
      vertex 23.4 2.4 22.4
      vertex 32.4 2.4 23.4
    endloop
  endfacet
  facet normal 0 1 0
    outer loop
      vertex 32.4 2.4 23.4
      vertex 23.4 2.4 22.4
      vertex 23.4 2.4 23.4
    endloop
  endfacet
  facet normal 0 1 0
    outer loop
      vertex 23.4 2.4 23.4
      vertex 23.4 2.4 22.4
      vertex 20.4 2.4 23.4
    endloop
  endfacet
  facet normal 0 1 -0
    outer loop
      vertex 23.4 2.4 20.4
      vertex 20.4 2.4 23.4
      vertex 23.4 2.4 22.4
    endloop
  endfacet
  facet normal 0 1 0
    outer loop
      vertex 59.4 2.4 23.4
      vertex 57.4 2.4 22.4
      vertex 56.4 2.4 23.4
    endloop
  endfacet
  facet normal 0 1 -0
    outer loop
      vertex 35.4 2.4 19.4
      vertex 23.4 2.4 20.4
      vertex 57.4 2.4 20.4
    endloop
  endfacet
  facet normal 0 1 -0
    outer loop
      vertex 32.4 2.4 19.4
      vertex 23.4 2.4 20.4
      vertex 35.4 2.4 19.4
    endloop
  endfacet
  facet normal 0 1 0
    outer loop
      vertex 71.4 2.4 23.4
      vertex 80.4 2.4 19.4
      vertex 71.4 2.4 19.4
    endloop
  endfacet
  facet normal 0 1 0
    outer loop
      vertex 80.4 2.4 19.4
      vertex 83.4 2.4 23.4
      vertex 83.4 2.4 19.4
    endloop
  endfacet
  facet normal 0 1 -0
    outer loop
      vertex 96.4 2.4 2.4
      vertex 83.4 2.4 23.4
      vertex 96.4 2.4 46
    endloop
  endfacet
  facet normal 0 1 0
    outer loop
      vertex 83.4 2.4 23.4
      vertex 96.4 2.4 2.4
      vertex 83.4 2.4 19.4
    endloop
  endfacet
  facet normal 0 1 0
    outer loop
      vertex 96.4 2.4 2.4
      vertex 80.4 2.4 7.4
      vertex 83.4 2.4 7.4
    endloop
  endfacet
  facet normal 0 1 0
    outer loop
      vertex 62.4 2.4 2.4
      vertex 80.4 2.4 7.4
      vertex 96.4 2.4 2.4
    endloop
  endfacet
  facet normal 0 1 0
    outer loop
      vertex 80.4 2.4 7.4
      vertex 62.4 2.4 2.4
      vertex 71.4 2.4 7.4
    endloop
  endfacet
  facet normal 0 1 0
    outer loop
      vertex 83.4 2.4 19.4
      vertex 96.4 2.4 2.4
      vertex 83.4 2.4 7.4
    endloop
  endfacet
  facet normal 0 1 0
    outer loop
      vertex 71.4 2.4 40.4
      vertex 96.4 2.4 46
      vertex 80.4 2.4 40.4
    endloop
  endfacet
  facet normal 0 1 0
    outer loop
      vertex 68.4 2.4 40.4
      vertex 96.4 2.4 46
      vertex 71.4 2.4 40.4
    endloop
  endfacet
  facet normal 0 1 0
    outer loop
      vertex 59.4 2.4 40.4
      vertex 96.4 2.4 46
      vertex 68.4 2.4 40.4
    endloop
  endfacet
  facet normal 0 1 0
    outer loop
      vertex 56.4 2.4 40.4
      vertex 96.4 2.4 46
      vertex 59.4 2.4 40.4
    endloop
  endfacet
  facet normal 0 1 0
    outer loop
      vertex 47.4 2.4 40.4
      vertex 96.4 2.4 46
      vertex 56.4 2.4 40.4
    endloop
  endfacet
  facet normal 0 1 0
    outer loop
      vertex 96.4 2.4 46
      vertex 47.4 2.4 40.4
      vertex 2.4 2.4 46
    endloop
  endfacet
  facet normal 0 1 -0
    outer loop
      vertex 44.4 2.4 40.4
      vertex 2.4 2.4 46
      vertex 47.4 2.4 40.4
    endloop
  endfacet
  facet normal 0 1 -0
    outer loop
      vertex 35.4 2.4 40.4
      vertex 2.4 2.4 46
      vertex 44.4 2.4 40.4
    endloop
  endfacet
  facet normal 0 1 -0
    outer loop
      vertex 32.4 2.4 40.4
      vertex 2.4 2.4 46
      vertex 35.4 2.4 40.4
    endloop
  endfacet
  facet normal 0 1 -0
    outer loop
      vertex 23.4 2.4 40.4
      vertex 2.4 2.4 46
      vertex 32.4 2.4 40.4
    endloop
  endfacet
  facet normal 0 1 -0
    outer loop
      vertex 20.4 2.4 40.4
      vertex 2.4 2.4 46
      vertex 23.4 2.4 40.4
    endloop
  endfacet
  facet normal 0 1 -0
    outer loop
      vertex 11.4 2.4 40.4
      vertex 2.4 2.4 46
      vertex 20.4 2.4 40.4
    endloop
  endfacet
  facet normal 0 1 -0
    outer loop
      vertex 8.4 2.4 40.4
      vertex 2.4 2.4 46
      vertex 11.4 2.4 40.4
    endloop
  endfacet
  facet normal 0 1 -0
    outer loop
      vertex 8.4 2.4 36.4
      vertex 2.4 2.4 46
      vertex 8.4 2.4 40.4
    endloop
  endfacet
  facet normal 0 1 0
    outer loop
      vertex 71.4 2.4 36.4
      vertex 80.4 2.4 34.4
      vertex 71.4 2.4 34.4
    endloop
  endfacet
  facet normal 0 1 0
    outer loop
      vertex 68.4 2.4 36.4
      vertex 68.4 2.4 34.4
      vertex 59.4 2.4 36.4
    endloop
  endfacet
  facet normal 0 1 0
    outer loop
      vertex 56.4 2.4 34.4
      vertex 56.4 2.4 36.4
      vertex 59.4 2.4 34.4
    endloop
  endfacet
  facet normal 0 1 0
    outer loop
      vertex 47.4 2.4 36.4
      vertex 47.4 2.4 34.4
      vertex 44.4 2.4 36.4
    endloop
  endfacet
  facet normal 0 1 0
    outer loop
      vertex 44.4 2.4 36.4
      vertex 44.4 2.4 34.4
      vertex 35.4 2.4 36.4
    endloop
  endfacet
  facet normal 0 1 0
    outer loop
      vertex 32.4 2.4 36.4
      vertex 32.4 2.4 34.4
      vertex 23.4 2.4 36.4
    endloop
  endfacet
  facet normal 0 1 0
    outer loop
      vertex 23.4 2.4 34.4
      vertex 23.4 2.4 36.4
      vertex 32.4 2.4 34.4
    endloop
  endfacet
  facet normal 0 1 0
    outer loop
      vertex 23.4 2.4 36.4
      vertex 23.4 2.4 34.4
      vertex 20.4 2.4 36.4
    endloop
  endfacet
  facet normal 0 1 0
    outer loop
      vertex 20.4 2.4 34.4
      vertex 20.4 2.4 36.4
      vertex 23.4 2.4 34.4
    endloop
  endfacet
  facet normal 0 1 0
    outer loop
      vertex 20.4 2.4 36.4
      vertex 20.4 2.4 34.4
      vertex 11.4 2.4 36.4
    endloop
  endfacet
  facet normal 0 1 0
    outer loop
      vertex 11.4 2.4 34.4
      vertex 11.4 2.4 36.4
      vertex 20.4 2.4 34.4
    endloop
  endfacet
  facet normal 0 1 0
    outer loop
      vertex 11.4 2.4 36.4
      vertex 11.4 2.4 34.4
      vertex 8.4 2.4 36.4
    endloop
  endfacet
  facet normal 0 1 0
    outer loop
      vertex 8.4 2.4 34.4
      vertex 8.4 2.4 36.4
      vertex 11.4 2.4 34.4
    endloop
  endfacet
  facet normal 0 1 -0
    outer loop
      vertex 8.4 2.4 34.4
      vertex 2.4 2.4 46
      vertex 8.4 2.4 36.4
    endloop
  endfacet
  facet normal 0 1 -0
    outer loop
      vertex 8.4 2.4 23.4
      vertex 2.4 2.4 46
      vertex 8.4 2.4 34.4
    endloop
  endfacet
  facet normal 0 1 0
    outer loop
      vertex 11.4 2.4 34.4
      vertex 13.4 2.4 22.4
      vertex 11.4 2.4 23.4
    endloop
  endfacet
  facet normal 0 1 -0
    outer loop
      vertex 12.4 2.4 22.4
      vertex 11.4 2.4 23.4
      vertex 13.4 2.4 22.4
    endloop
  endfacet
  facet normal 0 1 0
    outer loop
      vertex 11.4 2.4 19.4
      vertex 11.4 2.4 23.4
      vertex 12.4 2.4 22.4
    endloop
  endfacet
  facet normal 0 1 0
    outer loop
      vertex 11.4 2.4 19.4
      vertex 12.4 2.4 22.4
      vertex 12.4 2.4 20.4
    endloop
  endfacet
  facet normal 0 1 0
    outer loop
      vertex 62.4 2.4 18.4
      vertex 68.4 2.4 23.4
      vertex 68.4 2.4 19.4
    endloop
  endfacet
  facet normal 0 1 0
    outer loop
      vertex 59.4 2.4 23.4
      vertex 59.4 2.4 19.4
      vertex 57.4 2.4 22.4
    endloop
  endfacet
  facet normal 0 1 0
    outer loop
      vertex 57.4 2.4 22.4
      vertex 59.4 2.4 19.4
      vertex 57.4 2.4 20.4
    endloop
  endfacet
  facet normal 0 1 0
    outer loop
      vertex 56.4 2.4 19.4
      vertex 57.4 2.4 20.4
      vertex 59.4 2.4 19.4
    endloop
  endfacet
  facet normal 0 1 0
    outer loop
      vertex 47.4 2.4 19.4
      vertex 57.4 2.4 20.4
      vertex 56.4 2.4 19.4
    endloop
  endfacet
  facet normal 0 1 0
    outer loop
      vertex 44.4 2.4 19.4
      vertex 57.4 2.4 20.4
      vertex 47.4 2.4 19.4
    endloop
  endfacet
  facet normal 0 1 0
    outer loop
      vertex 35.4 2.4 19.4
      vertex 57.4 2.4 20.4
      vertex 44.4 2.4 19.4
    endloop
  endfacet
  facet normal 0 1 0
    outer loop
      vertex 23.4 2.4 19.4
      vertex 23.4 2.4 20.4
      vertex 32.4 2.4 19.4
    endloop
  endfacet
  facet normal 0 1 0
    outer loop
      vertex 20.4 2.4 19.4
      vertex 23.4 2.4 20.4
      vertex 23.4 2.4 19.4
    endloop
  endfacet
  facet normal 0 1 0
    outer loop
      vertex 13.4 2.4 22.4
      vertex 20.4 2.4 19.4
      vertex 13.4 2.4 20.4
    endloop
  endfacet
  facet normal 0 1 0
    outer loop
      vertex 11.4 2.4 18.4
      vertex 13.4 2.4 20.4
      vertex 20.4 2.4 19.4
    endloop
  endfacet
  facet normal 0 1 0
    outer loop
      vertex 13.4 2.4 20.4
      vertex 11.4 2.4 19.4
      vertex 12.4 2.4 20.4
    endloop
  endfacet
  facet normal 0 1 0
    outer loop
      vertex 11.4 2.4 23.4
      vertex 11.4 2.4 19.4
      vertex 8.4 2.4 23.4
    endloop
  endfacet
  facet normal 0 1 0
    outer loop
      vertex 8.4 2.4 19.4
      vertex 8.4 2.4 23.4
      vertex 11.4 2.4 19.4
    endloop
  endfacet
  facet normal 0 1 0
    outer loop
      vertex 7.4 2.4 18.4
      vertex 8.4 2.4 23.4
      vertex 8.4 2.4 19.4
    endloop
  endfacet
  facet normal 0 1 0
    outer loop
      vertex 7.4 2.4 18.4
      vertex 8.4 2.4 19.4
      vertex 8.4 2.4 18.4
    endloop
  endfacet
  facet normal 0 1 0
    outer loop
      vertex 8.4 2.4 23.4
      vertex 7.4 2.4 18.4
      vertex 2.4 2.4 46
    endloop
  endfacet
  facet normal 0 1 0
    outer loop
      vertex 2.4 2.4 2.4
      vertex 7.4 2.4 18.4
      vertex 7.4 2.4 2.4
    endloop
  endfacet
  facet normal 0 1 0
    outer loop
      vertex 7.4 2.4 18.4
      vertex 2.4 2.4 2.4
      vertex 2.4 2.4 46
    endloop
  endfacet
  facet normal 0 1 0
    outer loop
      vertex 59.4 2.4 19.4
      vertex 62.4 2.4 18.4
      vertex 59.4 2.4 18.4
    endloop
  endfacet
  facet normal 0 0 -1
    outer loop
      vertex 0 6.6 36.5
      vertex 2.4 28.6 36.5
      vertex 2.4 6.6 36.5
    endloop
  endfacet
  facet normal -0 0 -1
    outer loop
      vertex 2.4 28.6 36.5
      vertex 0 6.6 36.5
      vertex 0 28.6 36.5
    endloop
  endfacet
  facet normal -0 0 1
    outer loop
      vertex 0 28.6 18.5
      vertex 2.4 6.6 18.5
      vertex 2.4 28.6 18.5
    endloop
  endfacet
  facet normal 0 0 1
    outer loop
      vertex 2.4 6.6 18.5
      vertex 0 28.6 18.5
      vertex 0 6.6 18.5
    endloop
  endfacet
  facet normal 0 -1 0
    outer loop
      vertex 0 28.6 18.5
      vertex 2.4 28.6 36.5
      vertex 0 28.6 36.5
    endloop
  endfacet
  facet normal 0 -1 -0
    outer loop
      vertex 2.4 28.6 36.5
      vertex 0 28.6 18.5
      vertex 2.4 28.6 18.5
    endloop
  endfacet
  facet normal 0 1 -0
    outer loop
      vertex 2.4 6.6 18.5
      vertex 0 6.6 36.5
      vertex 2.4 6.6 36.5
    endloop
  endfacet
  facet normal 0 1 0
    outer loop
      vertex 0 6.6 36.5
      vertex 2.4 6.6 18.5
      vertex 0 6.6 18.5
    endloop
  endfacet
  facet normal 0 -0.573624 0.819119
    outer loop
      vertex 95.4 22.7423 0.271644
      vertex 98.8 22.3544 0
      vertex 98.8 22.7423 0.271644
    endloop
  endfacet
  facet normal 0 -0.573624 0.819119
    outer loop
      vertex 98.8 22.3544 0
      vertex 95.4 22.7423 0.271644
      vertex 95.4 22.3544 0
    endloop
  endfacet
  facet normal 1 0 0
    outer loop
      vertex 95.4 22.3544 0
      vertex 95.4 23.7284 1.2577
      vertex 95.4 24.5282 2.4
    endloop
  endfacet
  facet normal 1 0 0
    outer loop
      vertex 95.4 23.7284 1.2577
      vertex 95.4 22.3544 0
      vertex 95.4 22.7423 0.271644
    endloop
  endfacet
  facet normal 1 0 0
    outer loop
      vertex 95.4 24.5282 2.4
      vertex 95.4 12.8456 0
      vertex 95.4 22.3544 0
    endloop
  endfacet
  facet normal 1 -0 0
    outer loop
      vertex 95.4 10.6718 2.4
      vertex 95.4 12.8456 0
      vertex 95.4 24.5282 2.4
    endloop
  endfacet
  facet normal 1 0 0
    outer loop
      vertex 95.4 12.8456 0
      vertex 95.4 11.4716 1.2577
      vertex 95.4 12.4577 0.271644
    endloop
  endfacet
  facet normal 1 0 0
    outer loop
      vertex 95.4 12.8456 0
      vertex 95.4 10.6718 2.4
      vertex 95.4 11.4716 1.2577
    endloop
  endfacet
  facet normal 0 -0.996197 -0.0871278
    outer loop
      vertex 96.4 25.6 36.4
      vertex 98.8 25.4785 37.7892
      vertex 96.4 25.4785 37.7892
    endloop
  endfacet
  facet normal 0 -0.996197 -0.0871278
    outer loop
      vertex 98.8 25.4785 37.7892
      vertex 96.4 25.6 36.4
      vertex 98.8 25.6 36.4
    endloop
  endfacet
  facet normal 0 -0.996197 0.0871284
    outer loop
      vertex 96.4 25.4785 5.01081
      vertex 98.8 25.6 6.4
      vertex 96.4 25.6 6.4
    endloop
  endfacet
  facet normal 0 -0.996197 0.0871284
    outer loop
      vertex 98.8 25.6 6.4
      vertex 96.4 25.4785 5.01081
      vertex 98.8 25.4785 5.01081
    endloop
  endfacet
  facet normal 0 -0.573554 -0.819168
    outer loop
      vertex 96.4 21.6 43.3282
      vertex 98.8 22.7423 42.5284
      vertex 98.8 21.6 43.3282
    endloop
  endfacet
  facet normal -0 -0.573554 -0.819168
    outer loop
      vertex 98.8 22.7423 42.5284
      vertex 96.4 21.6 43.3282
      vertex 96.4 22.7423 42.5284
    endloop
  endfacet
  facet normal 0 -0.0871278 -0.996197
    outer loop
      vertex 96.4 17.6 44.4
      vertex 98.8 18.9892 44.2785
      vertex 98.8 17.6 44.4
    endloop
  endfacet
  facet normal -0 -0.0871278 -0.996197
    outer loop
      vertex 98.8 18.9892 44.2785
      vertex 96.4 17.6 44.4
      vertex 96.4 18.9892 44.2785
    endloop
  endfacet
  facet normal 0 -0.819168 -0.573554
    outer loop
      vertex 96.4 24.5282 40.4
      vertex 98.8 23.7284 41.5423
      vertex 96.4 23.7284 41.5423
    endloop
  endfacet
  facet normal 0 -0.819168 -0.573554
    outer loop
      vertex 98.8 23.7284 41.5423
      vertex 96.4 24.5282 40.4
      vertex 98.8 24.5282 40.4
    endloop
  endfacet
  facet normal 0 -0.819168 0.573554
    outer loop
      vertex 95.4 23.7284 1.2577
      vertex 96.4 24.5282 2.4
      vertex 95.4 24.5282 2.4
    endloop
  endfacet
  facet normal 0 -0.819168 0.573554
    outer loop
      vertex 98.8 23.7284 1.2577
      vertex 96.4 24.5282 2.4
      vertex 95.4 23.7284 1.2577
    endloop
  endfacet
  facet normal 0 -0.819168 0.573554
    outer loop
      vertex 96.4 24.5282 2.4
      vertex 98.8 23.7284 1.2577
      vertex 98.8 24.5282 2.4
    endloop
  endfacet
  facet normal 0 0.707091 0.707123
    outer loop
      vertex 98.8 12.4577 0.271644
      vertex 95.4 11.4716 1.2577
      vertex 98.8 11.4716 1.2577
    endloop
  endfacet
  facet normal 0 0.707091 0.707123
    outer loop
      vertex 95.4 11.4716 1.2577
      vertex 98.8 12.4577 0.271644
      vertex 95.4 12.4577 0.271644
    endloop
  endfacet
  facet normal 0 0.573554 -0.819168
    outer loop
      vertex 96.4 12.4577 42.5284
      vertex 98.8 13.6 43.3282
      vertex 98.8 12.4577 42.5284
    endloop
  endfacet
  facet normal 0 0.573554 -0.819168
    outer loop
      vertex 98.8 13.6 43.3282
      vertex 96.4 12.4577 42.5284
      vertex 96.4 13.6 43.3282
    endloop
  endfacet
  facet normal 0 0.996195 0.0871569
    outer loop
      vertex 98.8 9.72154 5.01081
      vertex 96.4 9.6 6.4
      vertex 98.8 9.6 6.4
    endloop
  endfacet
  facet normal 0 0.996195 0.0871569
    outer loop
      vertex 96.4 9.6 6.4
      vertex 98.8 9.72154 5.01081
      vertex 96.4 9.72154 5.01081
    endloop
  endfacet
  facet normal 0 -0.707107 -0.707107
    outer loop
      vertex 96.4 22.7423 42.5284
      vertex 98.8 23.7284 41.5423
      vertex 98.8 22.7423 42.5284
    endloop
  endfacet
  facet normal -0 -0.707107 -0.707107
    outer loop
      vertex 98.8 23.7284 41.5423
      vertex 96.4 22.7423 42.5284
      vertex 96.4 23.7284 41.5423
    endloop
  endfacet
  facet normal 0 0.906313 -0.422607
    outer loop
      vertex 98.8 10.0825 39.1362
      vertex 96.4 10.6718 40.4
      vertex 98.8 10.6718 40.4
    endloop
  endfacet
  facet normal 0 0.906313 -0.422607
    outer loop
      vertex 96.4 10.6718 40.4
      vertex 98.8 10.0825 39.1362
      vertex 96.4 10.0825 39.1362
    endloop
  endfacet
  facet normal 0 0.996195 -0.0871563
    outer loop
      vertex 98.8 9.6 36.4
      vertex 96.4 9.72154 37.7892
      vertex 98.8 9.72154 37.7892
    endloop
  endfacet
  facet normal 0 0.996195 -0.0871563
    outer loop
      vertex 96.4 9.72154 37.7892
      vertex 98.8 9.6 36.4
      vertex 96.4 9.6 36.4
    endloop
  endfacet
  facet normal 0 1 -0
    outer loop
      vertex 98.8 9.6 6.4
      vertex 96.4 9.6 36.4
      vertex 98.8 9.6 36.4
    endloop
  endfacet
  facet normal 0 1 0
    outer loop
      vertex 96.4 9.6 36.4
      vertex 98.8 9.6 6.4
      vertex 96.4 9.6 6.4
    endloop
  endfacet
  facet normal 0 -0.906313 -0.422607
    outer loop
      vertex 96.4 25.1175 39.1362
      vertex 98.8 24.5282 40.4
      vertex 96.4 24.5282 40.4
    endloop
  endfacet
  facet normal 0 -0.906313 -0.422607
    outer loop
      vertex 98.8 24.5282 40.4
      vertex 96.4 25.1175 39.1362
      vertex 98.8 25.1175 39.1362
    endloop
  endfacet
  facet normal 0 0.96592 -0.258841
    outer loop
      vertex 98.8 9.72154 37.7892
      vertex 96.4 10.0825 39.1362
      vertex 98.8 10.0825 39.1362
    endloop
  endfacet
  facet normal 0 0.96592 -0.258841
    outer loop
      vertex 96.4 10.0825 39.1362
      vertex 98.8 9.72154 37.7892
      vertex 96.4 9.72154 37.7892
    endloop
  endfacet
  facet normal 0 -1 0
    outer loop
      vertex 96.4 25.6 6.4
      vertex 98.8 25.6 36.4
      vertex 96.4 25.6 36.4
    endloop
  endfacet
  facet normal 0 -1 -0
    outer loop
      vertex 98.8 25.6 36.4
      vertex 96.4 25.6 6.4
      vertex 98.8 25.6 6.4
    endloop
  endfacet
  facet normal 0 0.0871278 -0.996197
    outer loop
      vertex 96.4 16.2108 44.2785
      vertex 98.8 17.6 44.4
      vertex 98.8 16.2108 44.2785
    endloop
  endfacet
  facet normal 0 0.0871278 -0.996197
    outer loop
      vertex 98.8 17.6 44.4
      vertex 96.4 16.2108 44.2785
      vertex 96.4 17.6 44.4
    endloop
  endfacet
  facet normal 0 0.258868 -0.965913
    outer loop
      vertex 96.4 14.8638 43.9175
      vertex 98.8 16.2108 44.2785
      vertex 98.8 14.8638 43.9175
    endloop
  endfacet
  facet normal 0 0.258868 -0.965913
    outer loop
      vertex 98.8 16.2108 44.2785
      vertex 96.4 14.8638 43.9175
      vertex 96.4 16.2108 44.2785
    endloop
  endfacet
  facet normal 0 0.422607 -0.906313
    outer loop
      vertex 96.4 13.6 43.3282
      vertex 98.8 14.8638 43.9175
      vertex 98.8 13.6 43.3282
    endloop
  endfacet
  facet normal 0 0.422607 -0.906313
    outer loop
      vertex 98.8 14.8638 43.9175
      vertex 96.4 13.6 43.3282
      vertex 96.4 14.8638 43.9175
    endloop
  endfacet
  facet normal 0 0.707107 -0.707107
    outer loop
      vertex 96.4 11.4716 41.5423
      vertex 98.8 12.4577 42.5284
      vertex 98.8 11.4716 41.5423
    endloop
  endfacet
  facet normal 0 0.707107 -0.707107
    outer loop
      vertex 98.8 12.4577 42.5284
      vertex 96.4 11.4716 41.5423
      vertex 96.4 12.4577 42.5284
    endloop
  endfacet
  facet normal 0 -0.965911 0.258873
    outer loop
      vertex 96.4 25.1175 3.66384
      vertex 98.8 25.4785 5.01081
      vertex 96.4 25.4785 5.01081
    endloop
  endfacet
  facet normal 0 -0.965911 0.258873
    outer loop
      vertex 98.8 25.4785 5.01081
      vertex 96.4 25.1175 3.66384
      vertex 98.8 25.1175 3.66384
    endloop
  endfacet
  facet normal 0 0.906318 0.422596
    outer loop
      vertex 98.8 10.6718 2.4
      vertex 96.4 10.0825 3.66384
      vertex 98.8 10.0825 3.66384
    endloop
  endfacet
  facet normal 0 0.906318 0.422596
    outer loop
      vertex 96.4 10.0825 3.66384
      vertex 98.8 10.6718 2.4
      vertex 96.4 10.6718 2.4
    endloop
  endfacet
  facet normal 0 -0.707091 0.707123
    outer loop
      vertex 95.4 22.7423 0.271644
      vertex 98.8 23.7284 1.2577
      vertex 95.4 23.7284 1.2577
    endloop
  endfacet
  facet normal 0 -0.707091 0.707123
    outer loop
      vertex 98.8 23.7284 1.2577
      vertex 95.4 22.7423 0.271644
      vertex 98.8 22.7423 0.271644
    endloop
  endfacet
  facet normal -0 0.573624 0.819119
    outer loop
      vertex 95.4 12.8456 0
      vertex 98.8 12.4577 0.271644
      vertex 98.8 12.8456 0
    endloop
  endfacet
  facet normal 0 0.573624 0.819119
    outer loop
      vertex 98.8 12.4577 0.271644
      vertex 95.4 12.8456 0
      vertex 95.4 12.4577 0.271644
    endloop
  endfacet
  facet normal 0 -0.906318 0.422596
    outer loop
      vertex 96.4 24.5282 2.4
      vertex 98.8 25.1175 3.66384
      vertex 96.4 25.1175 3.66384
    endloop
  endfacet
  facet normal 0 -0.906318 0.422596
    outer loop
      vertex 98.8 25.1175 3.66384
      vertex 96.4 24.5282 2.4
      vertex 98.8 24.5282 2.4
    endloop
  endfacet
  facet normal 0 -0.258868 -0.965913
    outer loop
      vertex 96.4 18.9892 44.2785
      vertex 98.8 20.3362 43.9175
      vertex 98.8 18.9892 44.2785
    endloop
  endfacet
  facet normal -0 -0.258868 -0.965913
    outer loop
      vertex 98.8 20.3362 43.9175
      vertex 96.4 18.9892 44.2785
      vertex 96.4 20.3362 43.9175
    endloop
  endfacet
  facet normal 0 -0.965913 -0.258868
    outer loop
      vertex 96.4 25.4785 37.7892
      vertex 98.8 25.1175 39.1362
      vertex 96.4 25.1175 39.1362
    endloop
  endfacet
  facet normal 0 -0.965913 -0.258868
    outer loop
      vertex 98.8 25.1175 39.1362
      vertex 96.4 25.4785 37.7892
      vertex 98.8 25.4785 37.7892
    endloop
  endfacet
  facet normal 0 0.819168 -0.573554
    outer loop
      vertex 98.8 10.6718 40.4
      vertex 96.4 11.4716 41.5423
      vertex 98.8 11.4716 41.5423
    endloop
  endfacet
  facet normal 0 0.819168 -0.573554
    outer loop
      vertex 96.4 11.4716 41.5423
      vertex 98.8 10.6718 40.4
      vertex 96.4 10.6718 40.4
    endloop
  endfacet
  facet normal 0 0.819168 0.573554
    outer loop
      vertex 98.8 11.4716 1.2577
      vertex 96.4 10.6718 2.4
      vertex 98.8 10.6718 2.4
    endloop
  endfacet
  facet normal -0 0.819168 0.573554
    outer loop
      vertex 95.4 11.4716 1.2577
      vertex 96.4 10.6718 2.4
      vertex 98.8 11.4716 1.2577
    endloop
  endfacet
  facet normal 0 0.819168 0.573554
    outer loop
      vertex 96.4 10.6718 2.4
      vertex 95.4 11.4716 1.2577
      vertex 95.4 10.6718 2.4
    endloop
  endfacet
  facet normal 0 0.965919 0.258846
    outer loop
      vertex 98.8 10.0825 3.66384
      vertex 96.4 9.72154 5.01081
      vertex 98.8 9.72154 5.01081
    endloop
  endfacet
  facet normal 0 0.965919 0.258846
    outer loop
      vertex 96.4 9.72154 5.01081
      vertex 98.8 10.0825 3.66384
      vertex 96.4 10.0825 3.66384
    endloop
  endfacet
  facet normal 0 -0.422607 -0.906313
    outer loop
      vertex 96.4 20.3362 43.9175
      vertex 98.8 21.6 43.3282
      vertex 98.8 20.3362 43.9175
    endloop
  endfacet
  facet normal -0 -0.422607 -0.906313
    outer loop
      vertex 98.8 21.6 43.3282
      vertex 96.4 20.3362 43.9175
      vertex 96.4 21.6 43.3282
    endloop
  endfacet
  facet normal 0 0 1
    outer loop
      vertex 8.4 2.4 18.4
      vertex 11.4 2.4 18.4
      vertex 11.4 6.4 18.4
    endloop
  endfacet
  facet normal 0 0 1
    outer loop
      vertex 11.4 2.4 18.4
      vertex 8.4 2.4 18.4
      vertex 11.4 1.8 18.4
    endloop
  endfacet
  facet normal -0 0 1
    outer loop
      vertex 7.4 6.4 18.4
      vertex 8.4 2.4 18.4
      vertex 11.4 6.4 18.4
    endloop
  endfacet
  facet normal 0 0 1
    outer loop
      vertex 8.4 2.4 18.4
      vertex 7.4 6.4 18.4
      vertex 7.4 2.4 18.4
    endloop
  endfacet
  facet normal 0 0 1
    outer loop
      vertex 11.4 1.8 18.4
      vertex 8.4 2.4 18.4
      vertex 8.4 1.8 18.4
    endloop
  endfacet
  facet normal -1 0 0
    outer loop
      vertex 7.4 2.4 2.4
      vertex 7.4 6.4 18.4
      vertex 7.4 6.4 2.4
    endloop
  endfacet
  facet normal -1 -0 0
    outer loop
      vertex 7.4 6.4 18.4
      vertex 7.4 2.4 2.4
      vertex 7.4 2.4 18.4
    endloop
  endfacet
  facet normal 0 1 -0
    outer loop
      vertex 11.4 6.4 2.4
      vertex 7.4 6.4 18.4
      vertex 11.4 6.4 18.4
    endloop
  endfacet
  facet normal 0 1 0
    outer loop
      vertex 7.4 6.4 18.4
      vertex 11.4 6.4 2.4
      vertex 7.4 6.4 2.4
    endloop
  endfacet
  facet normal 0 -1 0
    outer loop
      vertex 8.4 1.8 7.4
      vertex 11.4 1.8 18.4
      vertex 8.4 1.8 18.4
    endloop
  endfacet
  facet normal 0 -1 -0
    outer loop
      vertex 11.4 1.8 18.4
      vertex 8.4 1.8 7.4
      vertex 11.4 1.8 7.4
    endloop
  endfacet
  facet normal 0 0 1
    outer loop
      vertex 8.4 32.8 18.4
      vertex 11.4 32.8 18.4
      vertex 11.4 33.4 18.4
    endloop
  endfacet
  facet normal 0 0 1
    outer loop
      vertex 8.4 32.8 18.4
      vertex 11.4 33.4 18.4
      vertex 8.4 33.4 18.4
    endloop
  endfacet
  facet normal 0 0 1
    outer loop
      vertex 11.4 32.8 18.4
      vertex 8.4 32.8 18.4
      vertex 11.4 28.8 18.4
    endloop
  endfacet
  facet normal 0 0 1
    outer loop
      vertex 7.4 28.8 18.4
      vertex 8.4 32.8 18.4
      vertex 7.4 32.8 18.4
    endloop
  endfacet
  facet normal 0 0 1
    outer loop
      vertex 8.4 32.8 18.4
      vertex 7.4 28.8 18.4
      vertex 11.4 28.8 18.4
    endloop
  endfacet
  facet normal -1 0 0
    outer loop
      vertex 7.4 28.8 2.4
      vertex 7.4 32.8 18.4
      vertex 7.4 32.8 2.4
    endloop
  endfacet
  facet normal -1 -0 0
    outer loop
      vertex 7.4 32.8 18.4
      vertex 7.4 28.8 2.4
      vertex 7.4 28.8 18.4
    endloop
  endfacet
  facet normal 0 1 -0
    outer loop
      vertex 11.4 33.4 7.4
      vertex 8.4 33.4 18.4
      vertex 11.4 33.4 18.4
    endloop
  endfacet
  facet normal 0 1 0
    outer loop
      vertex 8.4 33.4 18.4
      vertex 11.4 33.4 7.4
      vertex 8.4 33.4 7.4
    endloop
  endfacet
  facet normal 0 -1 0
    outer loop
      vertex 7.4 28.8 2.4
      vertex 11.4 28.8 18.4
      vertex 7.4 28.8 18.4
    endloop
  endfacet
  facet normal 0 -1 -0
    outer loop
      vertex 11.4 28.8 18.4
      vertex 7.4 28.8 2.4
      vertex 11.4 28.8 2.4
    endloop
  endfacet
  facet normal 1 -0 0
    outer loop
      vertex 62.4 2.4 18.4
      vertex 62.4 6.4 2.4
      vertex 62.4 6.4 18.4
    endloop
  endfacet
  facet normal 1 0 0
    outer loop
      vertex 62.4 6.4 2.4
      vertex 62.4 2.4 18.4
      vertex 62.4 2.4 2.4
    endloop
  endfacet
  facet normal 0 0 1
    outer loop
      vertex 62.4 6.4 18.4
      vertex 59.4 2.4 18.4
      vertex 62.4 2.4 18.4
    endloop
  endfacet
  facet normal -0 0 1
    outer loop
      vertex 58.4 6.4 18.4
      vertex 59.4 2.4 18.4
      vertex 62.4 6.4 18.4
    endloop
  endfacet
  facet normal 0 0 1
    outer loop
      vertex 58.4 1.8 18.4
      vertex 59.4 2.4 18.4
      vertex 58.4 6.4 18.4
    endloop
  endfacet
  facet normal 0 0 1
    outer loop
      vertex 59.4 2.4 18.4
      vertex 58.4 1.8 18.4
      vertex 59.4 1.8 18.4
    endloop
  endfacet
  facet normal -1 0 0
    outer loop
      vertex 58.4 2.4 7.4
      vertex 58.4 6.4 2.4
      vertex 58.4 2.4 2.4
    endloop
  endfacet
  facet normal -1 0 0
    outer loop
      vertex 58.4 6.4 2.4
      vertex 58.4 2.4 7.4
      vertex 58.4 6.4 18.4
    endloop
  endfacet
  facet normal -1 0 0
    outer loop
      vertex 58.4 1.8 18.4
      vertex 58.4 2.4 7.4
      vertex 58.4 1.8 7.4
    endloop
  endfacet
  facet normal -1 0 0
    outer loop
      vertex 58.4 2.4 7.4
      vertex 58.4 1.8 18.4
      vertex 58.4 6.4 18.4
    endloop
  endfacet
  facet normal 0 1 -0
    outer loop
      vertex 62.4 6.4 2.4
      vertex 58.4 6.4 18.4
      vertex 62.4 6.4 18.4
    endloop
  endfacet
  facet normal 0 1 0
    outer loop
      vertex 58.4 6.4 18.4
      vertex 62.4 6.4 2.4
      vertex 58.4 6.4 2.4
    endloop
  endfacet
  facet normal 0 -1 0
    outer loop
      vertex 58.4 1.8 7.4
      vertex 59.4 1.8 18.4
      vertex 58.4 1.8 18.4
    endloop
  endfacet
  facet normal 0 -1 -0
    outer loop
      vertex 59.4 1.8 18.4
      vertex 58.4 1.8 7.4
      vertex 59.4 1.8 7.4
    endloop
  endfacet
  facet normal 1 -0 0
    outer loop
      vertex 62.4 28.8 18.4
      vertex 62.4 32.8 2.4
      vertex 62.4 32.8 18.4
    endloop
  endfacet
  facet normal 1 0 0
    outer loop
      vertex 62.4 32.8 2.4
      vertex 62.4 28.8 18.4
      vertex 62.4 28.8 2.4
    endloop
  endfacet
  facet normal 0 0 1
    outer loop
      vertex 59.4 33.4 18.4
      vertex 58.4 33.4 18.4
      vertex 59.4 32.8 18.4
    endloop
  endfacet
  facet normal -0 0 1
    outer loop
      vertex 59.4 32.8 18.4
      vertex 62.4 28.8 18.4
      vertex 62.4 32.8 18.4
    endloop
  endfacet
  facet normal 0 0 1
    outer loop
      vertex 58.4 28.8 18.4
      vertex 59.4 32.8 18.4
      vertex 58.4 33.4 18.4
    endloop
  endfacet
  facet normal 0 0 1
    outer loop
      vertex 59.4 32.8 18.4
      vertex 58.4 28.8 18.4
      vertex 62.4 28.8 18.4
    endloop
  endfacet
  facet normal -1 0 0
    outer loop
      vertex 58.4 32.8 2.4
      vertex 58.4 28.8 2.4
      vertex 58.4 32.8 7.4
    endloop
  endfacet
  facet normal -1 0 0
    outer loop
      vertex 58.4 32.8 7.4
      vertex 58.4 33.4 18.4
      vertex 58.4 33.4 7.4
    endloop
  endfacet
  facet normal -1 0 0
    outer loop
      vertex 58.4 28.8 18.4
      vertex 58.4 32.8 7.4
      vertex 58.4 28.8 2.4
    endloop
  endfacet
  facet normal -1 0 0
    outer loop
      vertex 58.4 32.8 7.4
      vertex 58.4 28.8 18.4
      vertex 58.4 33.4 18.4
    endloop
  endfacet
  facet normal 0 1 -0
    outer loop
      vertex 59.4 33.4 7.4
      vertex 58.4 33.4 18.4
      vertex 59.4 33.4 18.4
    endloop
  endfacet
  facet normal 0 1 0
    outer loop
      vertex 58.4 33.4 18.4
      vertex 59.4 33.4 7.4
      vertex 58.4 33.4 7.4
    endloop
  endfacet
  facet normal 0 -1 0
    outer loop
      vertex 58.4 28.8 2.4
      vertex 62.4 28.8 18.4
      vertex 58.4 28.8 18.4
    endloop
  endfacet
  facet normal 0 -1 -0
    outer loop
      vertex 62.4 28.8 18.4
      vertex 58.4 28.8 2.4
      vertex 62.4 28.8 2.4
    endloop
  endfacet
  facet normal 0.258831 -0.965923 0
    outer loop
      vertex 6.60777 2.55317 -1.2
      vertex 7.19707 2.71108 0
      vertex 6.60777 2.55317 0
    endloop
  endfacet
  facet normal 0.258831 -0.965923 0
    outer loop
      vertex 7.19707 2.71108 0
      vertex 6.60777 2.55317 -1.2
      vertex 7.19707 2.71108 -1.2
    endloop
  endfacet
  facet normal 0.965923 0.258831 0
    outer loop
      vertex 9.44683 6.60777 0
      vertex 9.28892 7.19707 -1.2
      vertex 9.28892 7.19707 0
    endloop
  endfacet
  facet normal 0.965923 0.258831 0
    outer loop
      vertex 9.28892 7.19707 -1.2
      vertex 9.44683 6.60777 0
      vertex 9.44683 6.60777 -1.2
    endloop
  endfacet
  facet normal 0.996195 0.0871509 0
    outer loop
      vertex 9.5 6 0
      vertex 9.44683 6.60777 -1.2
      vertex 9.44683 6.60777 0
    endloop
  endfacet
  facet normal 0.996195 0.0871509 0
    outer loop
      vertex 9.44683 6.60777 -1.2
      vertex 9.5 6 0
      vertex 9.5 6 -1.2
    endloop
  endfacet
  facet normal 0.906311 0.422611 0
    outer loop
      vertex 9.28892 7.19707 0
      vertex 9.03109 7.75 -1.2
      vertex 9.03109 7.75 0
    endloop
  endfacet
  facet normal 0.906311 0.422611 0
    outer loop
      vertex 9.03109 7.75 -1.2
      vertex 9.28892 7.19707 0
      vertex 9.28892 7.19707 -1.2
    endloop
  endfacet
  facet normal 0 0 -1
    outer loop
      vertex 9.44683 5.39223 -1.2
      vertex 9.44683 6.60777 -1.2
      vertex 9.5 6 -1.2
    endloop
  endfacet
  facet normal 0 0 -1
    outer loop
      vertex 9.28892 4.80293 -1.2
      vertex 9.44683 6.60777 -1.2
      vertex 9.44683 5.39223 -1.2
    endloop
  endfacet
  facet normal 0 0 -1
    outer loop
      vertex 9.28892 4.80293 -1.2
      vertex 9.28892 7.19707 -1.2
      vertex 9.44683 6.60777 -1.2
    endloop
  endfacet
  facet normal 0 0 -1
    outer loop
      vertex 9.03109 4.25 -1.2
      vertex 9.28892 7.19707 -1.2
      vertex 9.28892 4.80293 -1.2
    endloop
  endfacet
  facet normal 0 0 -1
    outer loop
      vertex 9.03109 4.25 -1.2
      vertex 9.03109 7.75 -1.2
      vertex 9.28892 7.19707 -1.2
    endloop
  endfacet
  facet normal 0 0 -1
    outer loop
      vertex 8.68116 3.75024 -1.2
      vertex 9.03109 7.75 -1.2
      vertex 9.03109 4.25 -1.2
    endloop
  endfacet
  facet normal 0 0 -1
    outer loop
      vertex 8.68116 3.75024 -1.2
      vertex 8.68116 8.24976 -1.2
      vertex 9.03109 7.75 -1.2
    endloop
  endfacet
  facet normal 0 0 -1
    outer loop
      vertex 8.24976 3.31884 -1.2
      vertex 8.68116 8.24976 -1.2
      vertex 8.68116 3.75024 -1.2
    endloop
  endfacet
  facet normal 0 0 -1
    outer loop
      vertex 8.24976 3.31884 -1.2
      vertex 8.24976 8.68116 -1.2
      vertex 8.68116 8.24976 -1.2
    endloop
  endfacet
  facet normal 0 0 -1
    outer loop
      vertex 7.75 2.96891 -1.2
      vertex 8.24976 8.68116 -1.2
      vertex 8.24976 3.31884 -1.2
    endloop
  endfacet
  facet normal 0 0 -1
    outer loop
      vertex 7.75 2.96891 -1.2
      vertex 7.75 9.03109 -1.2
      vertex 8.24976 8.68116 -1.2
    endloop
  endfacet
  facet normal 0 0 -1
    outer loop
      vertex 7.19707 2.71108 -1.2
      vertex 7.75 9.03109 -1.2
      vertex 7.75 2.96891 -1.2
    endloop
  endfacet
  facet normal 0 0 -1
    outer loop
      vertex 7.19707 2.71108 -1.2
      vertex 7.19707 9.28892 -1.2
      vertex 7.75 9.03109 -1.2
    endloop
  endfacet
  facet normal 0 0 -1
    outer loop
      vertex 6.60777 2.55317 -1.2
      vertex 7.19707 9.28892 -1.2
      vertex 7.19707 2.71108 -1.2
    endloop
  endfacet
  facet normal 0 0 -1
    outer loop
      vertex 6.60777 2.55317 -1.2
      vertex 6.60777 9.44683 -1.2
      vertex 7.19707 9.28892 -1.2
    endloop
  endfacet
  facet normal 0 0 -1
    outer loop
      vertex 6 2.5 -1.2
      vertex 6.60777 9.44683 -1.2
      vertex 6.60777 2.55317 -1.2
    endloop
  endfacet
  facet normal 0 0 -1
    outer loop
      vertex 6 2.5 -1.2
      vertex 6 9.5 -1.2
      vertex 6.60777 9.44683 -1.2
    endloop
  endfacet
  facet normal 0 0 -1
    outer loop
      vertex 5.39223 2.55317 -1.2
      vertex 6 9.5 -1.2
      vertex 6 2.5 -1.2
    endloop
  endfacet
  facet normal 0 0 -1
    outer loop
      vertex 5.39223 2.55317 -1.2
      vertex 5.39223 9.44683 -1.2
      vertex 6 9.5 -1.2
    endloop
  endfacet
  facet normal 0 0 -1
    outer loop
      vertex 4.80293 2.71108 -1.2
      vertex 5.39223 9.44683 -1.2
      vertex 5.39223 2.55317 -1.2
    endloop
  endfacet
  facet normal 0 0 -1
    outer loop
      vertex 4.80293 2.71108 -1.2
      vertex 4.80293 9.28892 -1.2
      vertex 5.39223 9.44683 -1.2
    endloop
  endfacet
  facet normal 0 0 -1
    outer loop
      vertex 4.25 2.96891 -1.2
      vertex 4.80293 9.28892 -1.2
      vertex 4.80293 2.71108 -1.2
    endloop
  endfacet
  facet normal 0 0 -1
    outer loop
      vertex 4.25 2.96891 -1.2
      vertex 4.25 9.03109 -1.2
      vertex 4.80293 9.28892 -1.2
    endloop
  endfacet
  facet normal 0 0 -1
    outer loop
      vertex 3.75024 3.31884 -1.2
      vertex 4.25 9.03109 -1.2
      vertex 4.25 2.96891 -1.2
    endloop
  endfacet
  facet normal 0 0 -1
    outer loop
      vertex 3.75024 3.31884 -1.2
      vertex 3.75024 8.68116 -1.2
      vertex 4.25 9.03109 -1.2
    endloop
  endfacet
  facet normal 0 0 -1
    outer loop
      vertex 3.31884 3.75024 -1.2
      vertex 3.75024 8.68116 -1.2
      vertex 3.75024 3.31884 -1.2
    endloop
  endfacet
  facet normal 0 0 -1
    outer loop
      vertex 3.31884 3.75024 -1.2
      vertex 3.31884 8.24976 -1.2
      vertex 3.75024 8.68116 -1.2
    endloop
  endfacet
  facet normal 0 0 -1
    outer loop
      vertex 2.96891 4.25 -1.2
      vertex 3.31884 8.24976 -1.2
      vertex 3.31884 3.75024 -1.2
    endloop
  endfacet
  facet normal 0 0 -1
    outer loop
      vertex 2.96891 4.25 -1.2
      vertex 2.96891 7.75 -1.2
      vertex 3.31884 8.24976 -1.2
    endloop
  endfacet
  facet normal 0 0 -1
    outer loop
      vertex 2.71108 4.80293 -1.2
      vertex 2.96891 7.75 -1.2
      vertex 2.96891 4.25 -1.2
    endloop
  endfacet
  facet normal 0 0 -1
    outer loop
      vertex 2.71108 4.80293 -1.2
      vertex 2.71108 7.19707 -1.2
      vertex 2.96891 7.75 -1.2
    endloop
  endfacet
  facet normal 0 0 -1
    outer loop
      vertex 2.55317 5.39223 -1.2
      vertex 2.71108 7.19707 -1.2
      vertex 2.71108 4.80293 -1.2
    endloop
  endfacet
  facet normal 0 0 -1
    outer loop
      vertex 2.55317 5.39223 -1.2
      vertex 2.55317 6.60777 -1.2
      vertex 2.71108 7.19707 -1.2
    endloop
  endfacet
  facet normal 0 -0 -1
    outer loop
      vertex 2.55317 6.60777 -1.2
      vertex 2.55317 5.39223 -1.2
      vertex 2.5 6 -1.2
    endloop
  endfacet
  facet normal 0.57357 0.819156 -0
    outer loop
      vertex 8.24976 8.68116 -1.2
      vertex 7.75 9.03109 0
      vertex 8.24976 8.68116 0
    endloop
  endfacet
  facet normal 0.57357 0.819156 0
    outer loop
      vertex 7.75 9.03109 0
      vertex 8.24976 8.68116 -1.2
      vertex 7.75 9.03109 -1.2
    endloop
  endfacet
  facet normal 0.258831 0.965923 -0
    outer loop
      vertex 7.19707 9.28892 -1.2
      vertex 6.60777 9.44683 0
      vertex 7.19707 9.28892 0
    endloop
  endfacet
  facet normal 0.258831 0.965923 0
    outer loop
      vertex 6.60777 9.44683 0
      vertex 7.19707 9.28892 -1.2
      vertex 6.60777 9.44683 -1.2
    endloop
  endfacet
  facet normal 0.0871509 0.996195 -0
    outer loop
      vertex 6.60777 9.44683 -1.2
      vertex 6 9.5 0
      vertex 6.60777 9.44683 0
    endloop
  endfacet
  facet normal 0.0871509 0.996195 0
    outer loop
      vertex 6 9.5 0
      vertex 6.60777 9.44683 -1.2
      vertex 6 9.5 -1.2
    endloop
  endfacet
  facet normal 0.422611 0.906311 -0
    outer loop
      vertex 7.75 9.03109 -1.2
      vertex 7.19707 9.28892 0
      vertex 7.75 9.03109 0
    endloop
  endfacet
  facet normal 0.422611 0.906311 0
    outer loop
      vertex 7.19707 9.28892 0
      vertex 7.75 9.03109 -1.2
      vertex 7.19707 9.28892 -1.2
    endloop
  endfacet
  facet normal -0.422611 0.906311 0
    outer loop
      vertex 4.80293 9.28892 -1.2
      vertex 4.25 9.03109 0
      vertex 4.80293 9.28892 0
    endloop
  endfacet
  facet normal -0.422611 0.906311 0
    outer loop
      vertex 4.25 9.03109 0
      vertex 4.80293 9.28892 -1.2
      vertex 4.25 9.03109 -1.2
    endloop
  endfacet
  facet normal 0.422611 -0.906311 0
    outer loop
      vertex 7.19707 2.71108 -1.2
      vertex 7.75 2.96891 0
      vertex 7.19707 2.71108 0
    endloop
  endfacet
  facet normal 0.422611 -0.906311 0
    outer loop
      vertex 7.75 2.96891 0
      vertex 7.19707 2.71108 -1.2
      vertex 7.75 2.96891 -1.2
    endloop
  endfacet
  facet normal -0.965923 0.258831 0
    outer loop
      vertex 2.55317 6.60777 -1.2
      vertex 2.71108 7.19707 0
      vertex 2.71108 7.19707 -1.2
    endloop
  endfacet
  facet normal -0.965923 0.258831 0
    outer loop
      vertex 2.71108 7.19707 0
      vertex 2.55317 6.60777 -1.2
      vertex 2.55317 6.60777 0
    endloop
  endfacet
  facet normal 0.819156 0.57357 0
    outer loop
      vertex 9.03109 7.75 0
      vertex 8.68116 8.24976 -1.2
      vertex 8.68116 8.24976 0
    endloop
  endfacet
  facet normal 0.819156 0.57357 0
    outer loop
      vertex 8.68116 8.24976 -1.2
      vertex 9.03109 7.75 0
      vertex 9.03109 7.75 -1.2
    endloop
  endfacet
  facet normal 0.819156 -0.57357 0
    outer loop
      vertex 8.68116 3.75024 0
      vertex 9.03109 4.25 -1.2
      vertex 9.03109 4.25 0
    endloop
  endfacet
  facet normal 0.819156 -0.57357 0
    outer loop
      vertex 9.03109 4.25 -1.2
      vertex 8.68116 3.75024 0
      vertex 8.68116 3.75024 -1.2
    endloop
  endfacet
  facet normal -0.258831 0.965923 0
    outer loop
      vertex 5.39223 9.44683 -1.2
      vertex 4.80293 9.28892 0
      vertex 5.39223 9.44683 0
    endloop
  endfacet
  facet normal -0.258831 0.965923 0
    outer loop
      vertex 4.80293 9.28892 0
      vertex 5.39223 9.44683 -1.2
      vertex 4.80293 9.28892 -1.2
    endloop
  endfacet
  facet normal 0.996195 -0.0871509 0
    outer loop
      vertex 9.44683 5.39223 0
      vertex 9.5 6 -1.2
      vertex 9.5 6 0
    endloop
  endfacet
  facet normal 0.996195 -0.0871509 0
    outer loop
      vertex 9.5 6 -1.2
      vertex 9.44683 5.39223 0
      vertex 9.44683 5.39223 -1.2
    endloop
  endfacet
  facet normal 0.707107 0.707107 0
    outer loop
      vertex 8.68116 8.24976 0
      vertex 8.24976 8.68116 -1.2
      vertex 8.24976 8.68116 0
    endloop
  endfacet
  facet normal 0.707107 0.707107 0
    outer loop
      vertex 8.24976 8.68116 -1.2
      vertex 8.68116 8.24976 0
      vertex 8.68116 8.24976 -1.2
    endloop
  endfacet
  facet normal -0.906311 0.422611 0
    outer loop
      vertex 2.71108 7.19707 -1.2
      vertex 2.96891 7.75 0
      vertex 2.96891 7.75 -1.2
    endloop
  endfacet
  facet normal -0.906311 0.422611 0
    outer loop
      vertex 2.96891 7.75 0
      vertex 2.71108 7.19707 -1.2
      vertex 2.71108 7.19707 0
    endloop
  endfacet
  facet normal 0.965923 -0.258831 0
    outer loop
      vertex 9.28892 4.80293 0
      vertex 9.44683 5.39223 -1.2
      vertex 9.44683 5.39223 0
    endloop
  endfacet
  facet normal 0.965923 -0.258831 0
    outer loop
      vertex 9.44683 5.39223 -1.2
      vertex 9.28892 4.80293 0
      vertex 9.28892 4.80293 -1.2
    endloop
  endfacet
  facet normal 0.906311 -0.422611 0
    outer loop
      vertex 9.03109 4.25 0
      vertex 9.28892 4.80293 -1.2
      vertex 9.28892 4.80293 0
    endloop
  endfacet
  facet normal 0.906311 -0.422611 0
    outer loop
      vertex 9.28892 4.80293 -1.2
      vertex 9.03109 4.25 0
      vertex 9.03109 4.25 -1.2
    endloop
  endfacet
  facet normal 0.707107 -0.707107 0
    outer loop
      vertex 8.24976 3.31884 0
      vertex 8.68116 3.75024 -1.2
      vertex 8.68116 3.75024 0
    endloop
  endfacet
  facet normal 0.707107 -0.707107 0
    outer loop
      vertex 8.68116 3.75024 -1.2
      vertex 8.24976 3.31884 0
      vertex 8.24976 3.31884 -1.2
    endloop
  endfacet
  facet normal -0.57357 0.819156 0
    outer loop
      vertex 4.25 9.03109 -1.2
      vertex 3.75024 8.68116 0
      vertex 4.25 9.03109 0
    endloop
  endfacet
  facet normal -0.57357 0.819156 0
    outer loop
      vertex 3.75024 8.68116 0
      vertex 4.25 9.03109 -1.2
      vertex 3.75024 8.68116 -1.2
    endloop
  endfacet
  facet normal 0.0871509 -0.996195 0
    outer loop
      vertex 6 2.5 -1.2
      vertex 6.60777 2.55317 0
      vertex 6 2.5 0
    endloop
  endfacet
  facet normal 0.0871509 -0.996195 0
    outer loop
      vertex 6.60777 2.55317 0
      vertex 6 2.5 -1.2
      vertex 6.60777 2.55317 -1.2
    endloop
  endfacet
  facet normal -0.996195 -0.0871509 0
    outer loop
      vertex 2.55317 5.39223 -1.2
      vertex 2.5 6 0
      vertex 2.5 6 -1.2
    endloop
  endfacet
  facet normal -0.996195 -0.0871509 0
    outer loop
      vertex 2.5 6 0
      vertex 2.55317 5.39223 -1.2
      vertex 2.55317 5.39223 0
    endloop
  endfacet
  facet normal -0.819156 -0.57357 0
    outer loop
      vertex 3.31884 3.75024 -1.2
      vertex 2.96891 4.25 0
      vertex 2.96891 4.25 -1.2
    endloop
  endfacet
  facet normal -0.819156 -0.57357 0
    outer loop
      vertex 2.96891 4.25 0
      vertex 3.31884 3.75024 -1.2
      vertex 3.31884 3.75024 0
    endloop
  endfacet
  facet normal -0.965923 -0.258831 0
    outer loop
      vertex 2.71108 4.80293 -1.2
      vertex 2.55317 5.39223 0
      vertex 2.55317 5.39223 -1.2
    endloop
  endfacet
  facet normal -0.965923 -0.258831 0
    outer loop
      vertex 2.55317 5.39223 0
      vertex 2.71108 4.80293 -1.2
      vertex 2.71108 4.80293 0
    endloop
  endfacet
  facet normal -0.422611 -0.906311 0
    outer loop
      vertex 4.25 2.96891 -1.2
      vertex 4.80293 2.71108 0
      vertex 4.25 2.96891 0
    endloop
  endfacet
  facet normal -0.422611 -0.906311 -0
    outer loop
      vertex 4.80293 2.71108 0
      vertex 4.25 2.96891 -1.2
      vertex 4.80293 2.71108 -1.2
    endloop
  endfacet
  facet normal -0.906311 -0.422611 0
    outer loop
      vertex 2.96891 4.25 -1.2
      vertex 2.71108 4.80293 0
      vertex 2.71108 4.80293 -1.2
    endloop
  endfacet
  facet normal -0.906311 -0.422611 0
    outer loop
      vertex 2.71108 4.80293 0
      vertex 2.96891 4.25 -1.2
      vertex 2.96891 4.25 0
    endloop
  endfacet
  facet normal -0.819156 0.57357 0
    outer loop
      vertex 2.96891 7.75 -1.2
      vertex 3.31884 8.24976 0
      vertex 3.31884 8.24976 -1.2
    endloop
  endfacet
  facet normal -0.819156 0.57357 0
    outer loop
      vertex 3.31884 8.24976 0
      vertex 2.96891 7.75 -1.2
      vertex 2.96891 7.75 0
    endloop
  endfacet
  facet normal -0.996195 0.0871509 0
    outer loop
      vertex 2.5 6 -1.2
      vertex 2.55317 6.60777 0
      vertex 2.55317 6.60777 -1.2
    endloop
  endfacet
  facet normal -0.996195 0.0871509 0
    outer loop
      vertex 2.55317 6.60777 0
      vertex 2.5 6 -1.2
      vertex 2.5 6 0
    endloop
  endfacet
  facet normal -0.0871509 0.996195 0
    outer loop
      vertex 6 9.5 -1.2
      vertex 5.39223 9.44683 0
      vertex 6 9.5 0
    endloop
  endfacet
  facet normal -0.0871509 0.996195 0
    outer loop
      vertex 5.39223 9.44683 0
      vertex 6 9.5 -1.2
      vertex 5.39223 9.44683 -1.2
    endloop
  endfacet
  facet normal -0.57357 -0.819156 0
    outer loop
      vertex 3.75024 3.31884 -1.2
      vertex 4.25 2.96891 0
      vertex 3.75024 3.31884 0
    endloop
  endfacet
  facet normal -0.57357 -0.819156 -0
    outer loop
      vertex 4.25 2.96891 0
      vertex 3.75024 3.31884 -1.2
      vertex 4.25 2.96891 -1.2
    endloop
  endfacet
  facet normal 0.57357 -0.819156 0
    outer loop
      vertex 7.75 2.96891 -1.2
      vertex 8.24976 3.31884 0
      vertex 7.75 2.96891 0
    endloop
  endfacet
  facet normal 0.57357 -0.819156 0
    outer loop
      vertex 8.24976 3.31884 0
      vertex 7.75 2.96891 -1.2
      vertex 8.24976 3.31884 -1.2
    endloop
  endfacet
  facet normal -0.0871509 -0.996195 0
    outer loop
      vertex 5.39223 2.55317 -1.2
      vertex 6 2.5 0
      vertex 5.39223 2.55317 0
    endloop
  endfacet
  facet normal -0.0871509 -0.996195 -0
    outer loop
      vertex 6 2.5 0
      vertex 5.39223 2.55317 -1.2
      vertex 6 2.5 -1.2
    endloop
  endfacet
  facet normal -0.707107 0.707107 0
    outer loop
      vertex 3.31884 8.24976 -1.2
      vertex 3.75024 8.68116 0
      vertex 3.75024 8.68116 -1.2
    endloop
  endfacet
  facet normal -0.707107 0.707107 0
    outer loop
      vertex 3.75024 8.68116 0
      vertex 3.31884 8.24976 -1.2
      vertex 3.31884 8.24976 0
    endloop
  endfacet
  facet normal -0.258831 -0.965923 0
    outer loop
      vertex 4.80293 2.71108 -1.2
      vertex 5.39223 2.55317 0
      vertex 4.80293 2.71108 0
    endloop
  endfacet
  facet normal -0.258831 -0.965923 -0
    outer loop
      vertex 5.39223 2.55317 0
      vertex 4.80293 2.71108 -1.2
      vertex 5.39223 2.55317 -1.2
    endloop
  endfacet
  facet normal -0.707107 -0.707107 0
    outer loop
      vertex 3.75024 3.31884 -1.2
      vertex 3.31884 3.75024 0
      vertex 3.31884 3.75024 -1.2
    endloop
  endfacet
  facet normal -0.707107 -0.707107 0
    outer loop
      vertex 3.31884 3.75024 0
      vertex 3.75024 3.31884 -1.2
      vertex 3.75024 3.31884 0
    endloop
  endfacet
  facet normal -0.0871466 0.996195 0
    outer loop
      vertex 88.8 9.5 -1.2
      vertex 88.1922 9.44683 0
      vertex 88.8 9.5 0
    endloop
  endfacet
  facet normal -0.0871466 0.996195 0
    outer loop
      vertex 88.1922 9.44683 0
      vertex 88.8 9.5 -1.2
      vertex 88.1922 9.44683 -1.2
    endloop
  endfacet
  facet normal 0.965927 0.258815 0
    outer loop
      vertex 92.2468 6.60777 0
      vertex 92.0889 7.19707 -1.2
      vertex 92.0889 7.19707 0
    endloop
  endfacet
  facet normal 0.965927 0.258815 0
    outer loop
      vertex 92.0889 7.19707 -1.2
      vertex 92.2468 6.60777 0
      vertex 92.2468 6.60777 -1.2
    endloop
  endfacet
  facet normal 0.996191 0.0871997 0
    outer loop
      vertex 92.3 6 0
      vertex 92.2468 6.60777 -1.2
      vertex 92.2468 6.60777 0
    endloop
  endfacet
  facet normal 0.996191 0.0871997 0
    outer loop
      vertex 92.2468 6.60777 -1.2
      vertex 92.3 6 0
      vertex 92.3 6 -1.2
    endloop
  endfacet
  facet normal 0.90633 0.42257 0
    outer loop
      vertex 92.0889 7.19707 0
      vertex 91.8311 7.75 -1.2
      vertex 91.8311 7.75 0
    endloop
  endfacet
  facet normal 0.90633 0.42257 0
    outer loop
      vertex 91.8311 7.75 -1.2
      vertex 92.0889 7.19707 0
      vertex 92.0889 7.19707 -1.2
    endloop
  endfacet
  facet normal -0.81918 -0.573537 0
    outer loop
      vertex 86.1188 3.75024 -1.2
      vertex 85.7689 4.25 0
      vertex 85.7689 4.25 -1.2
    endloop
  endfacet
  facet normal -0.81918 -0.573537 0
    outer loop
      vertex 85.7689 4.25 0
      vertex 86.1188 3.75024 -1.2
      vertex 86.1188 3.75024 0
    endloop
  endfacet
  facet normal 0.0871466 -0.996195 0
    outer loop
      vertex 88.8 2.5 -1.2
      vertex 89.4078 2.55317 0
      vertex 88.8 2.5 0
    endloop
  endfacet
  facet normal 0.0871466 -0.996195 0
    outer loop
      vertex 89.4078 2.55317 0
      vertex 88.8 2.5 -1.2
      vertex 89.4078 2.55317 -1.2
    endloop
  endfacet
  facet normal 0.42263 -0.906302 0
    outer loop
      vertex 89.9971 2.71108 -1.2
      vertex 90.55 2.96891 0
      vertex 89.9971 2.71108 0
    endloop
  endfacet
  facet normal 0.42263 -0.906302 0
    outer loop
      vertex 90.55 2.96891 0
      vertex 89.9971 2.71108 -1.2
      vertex 90.55 2.96891 -1.2
    endloop
  endfacet
  facet normal 0 0 -1
    outer loop
      vertex 92.2468 5.39223 -1.2
      vertex 92.2468 6.60777 -1.2
      vertex 92.3 6 -1.2
    endloop
  endfacet
  facet normal 0 0 -1
    outer loop
      vertex 92.0889 4.80293 -1.2
      vertex 92.2468 6.60777 -1.2
      vertex 92.2468 5.39223 -1.2
    endloop
  endfacet
  facet normal 0 0 -1
    outer loop
      vertex 92.0889 4.80293 -1.2
      vertex 92.0889 7.19707 -1.2
      vertex 92.2468 6.60777 -1.2
    endloop
  endfacet
  facet normal 0 0 -1
    outer loop
      vertex 91.8311 4.25 -1.2
      vertex 92.0889 7.19707 -1.2
      vertex 92.0889 4.80293 -1.2
    endloop
  endfacet
  facet normal 0 0 -1
    outer loop
      vertex 91.8311 4.25 -1.2
      vertex 91.8311 7.75 -1.2
      vertex 92.0889 7.19707 -1.2
    endloop
  endfacet
  facet normal 0 0 -1
    outer loop
      vertex 91.4812 3.75024 -1.2
      vertex 91.8311 7.75 -1.2
      vertex 91.8311 4.25 -1.2
    endloop
  endfacet
  facet normal 0 0 -1
    outer loop
      vertex 91.4812 3.75024 -1.2
      vertex 91.4812 8.24976 -1.2
      vertex 91.8311 7.75 -1.2
    endloop
  endfacet
  facet normal 0 0 -1
    outer loop
      vertex 91.0498 3.31884 -1.2
      vertex 91.4812 8.24976 -1.2
      vertex 91.4812 3.75024 -1.2
    endloop
  endfacet
  facet normal 0 0 -1
    outer loop
      vertex 91.0498 3.31884 -1.2
      vertex 91.0498 8.68116 -1.2
      vertex 91.4812 8.24976 -1.2
    endloop
  endfacet
  facet normal 0 0 -1
    outer loop
      vertex 90.55 2.96891 -1.2
      vertex 91.0498 8.68116 -1.2
      vertex 91.0498 3.31884 -1.2
    endloop
  endfacet
  facet normal 0 0 -1
    outer loop
      vertex 90.55 2.96891 -1.2
      vertex 90.55 9.03109 -1.2
      vertex 91.0498 8.68116 -1.2
    endloop
  endfacet
  facet normal 0 0 -1
    outer loop
      vertex 89.9971 2.71108 -1.2
      vertex 90.55 9.03109 -1.2
      vertex 90.55 2.96891 -1.2
    endloop
  endfacet
  facet normal 0 0 -1
    outer loop
      vertex 89.9971 2.71108 -1.2
      vertex 89.9971 9.28892 -1.2
      vertex 90.55 9.03109 -1.2
    endloop
  endfacet
  facet normal 0 0 -1
    outer loop
      vertex 89.4078 2.55317 -1.2
      vertex 89.9971 9.28892 -1.2
      vertex 89.9971 2.71108 -1.2
    endloop
  endfacet
  facet normal 0 0 -1
    outer loop
      vertex 89.4078 2.55317 -1.2
      vertex 89.4078 9.44683 -1.2
      vertex 89.9971 9.28892 -1.2
    endloop
  endfacet
  facet normal 0 0 -1
    outer loop
      vertex 88.8 2.5 -1.2
      vertex 89.4078 9.44683 -1.2
      vertex 89.4078 2.55317 -1.2
    endloop
  endfacet
  facet normal 0 0 -1
    outer loop
      vertex 88.8 2.5 -1.2
      vertex 88.8 9.5 -1.2
      vertex 89.4078 9.44683 -1.2
    endloop
  endfacet
  facet normal 0 0 -1
    outer loop
      vertex 88.1922 2.55317 -1.2
      vertex 88.8 9.5 -1.2
      vertex 88.8 2.5 -1.2
    endloop
  endfacet
  facet normal 0 0 -1
    outer loop
      vertex 88.1922 2.55317 -1.2
      vertex 88.1922 9.44683 -1.2
      vertex 88.8 9.5 -1.2
    endloop
  endfacet
  facet normal 0 0 -1
    outer loop
      vertex 87.6029 2.71108 -1.2
      vertex 88.1922 9.44683 -1.2
      vertex 88.1922 2.55317 -1.2
    endloop
  endfacet
  facet normal 0 0 -1
    outer loop
      vertex 87.6029 2.71108 -1.2
      vertex 87.6029 9.28892 -1.2
      vertex 88.1922 9.44683 -1.2
    endloop
  endfacet
  facet normal 0 0 -1
    outer loop
      vertex 87.05 2.96891 -1.2
      vertex 87.6029 9.28892 -1.2
      vertex 87.6029 2.71108 -1.2
    endloop
  endfacet
  facet normal 0 0 -1
    outer loop
      vertex 87.05 2.96891 -1.2
      vertex 87.05 9.03109 -1.2
      vertex 87.6029 9.28892 -1.2
    endloop
  endfacet
  facet normal 0 0 -1
    outer loop
      vertex 86.5502 3.31884 -1.2
      vertex 87.05 9.03109 -1.2
      vertex 87.05 2.96891 -1.2
    endloop
  endfacet
  facet normal 0 0 -1
    outer loop
      vertex 86.5502 3.31884 -1.2
      vertex 86.5502 8.68116 -1.2
      vertex 87.05 9.03109 -1.2
    endloop
  endfacet
  facet normal 0 0 -1
    outer loop
      vertex 86.1188 3.75024 -1.2
      vertex 86.5502 8.68116 -1.2
      vertex 86.5502 3.31884 -1.2
    endloop
  endfacet
  facet normal 0 0 -1
    outer loop
      vertex 86.1188 3.75024 -1.2
      vertex 86.1188 8.24976 -1.2
      vertex 86.5502 8.68116 -1.2
    endloop
  endfacet
  facet normal 0 0 -1
    outer loop
      vertex 85.7689 4.25 -1.2
      vertex 86.1188 8.24976 -1.2
      vertex 86.1188 3.75024 -1.2
    endloop
  endfacet
  facet normal 0 0 -1
    outer loop
      vertex 85.7689 4.25 -1.2
      vertex 85.7689 7.75 -1.2
      vertex 86.1188 8.24976 -1.2
    endloop
  endfacet
  facet normal 0 0 -1
    outer loop
      vertex 85.5111 4.80293 -1.2
      vertex 85.7689 7.75 -1.2
      vertex 85.7689 4.25 -1.2
    endloop
  endfacet
  facet normal 0 0 -1
    outer loop
      vertex 85.5111 4.80293 -1.2
      vertex 85.5111 7.19707 -1.2
      vertex 85.7689 7.75 -1.2
    endloop
  endfacet
  facet normal 0 0 -1
    outer loop
      vertex 85.3532 5.39223 -1.2
      vertex 85.5111 7.19707 -1.2
      vertex 85.5111 4.80293 -1.2
    endloop
  endfacet
  facet normal 0 0 -1
    outer loop
      vertex 85.3532 5.39223 -1.2
      vertex 85.3532 6.60777 -1.2
      vertex 85.5111 7.19707 -1.2
    endloop
  endfacet
  facet normal 0 -0 -1
    outer loop
      vertex 85.3532 6.60777 -1.2
      vertex 85.3532 5.39223 -1.2
      vertex 85.3 6 -1.2
    endloop
  endfacet
  facet normal 0.996191 -0.0871997 0
    outer loop
      vertex 92.2468 5.39223 0
      vertex 92.3 6 -1.2
      vertex 92.3 6 0
    endloop
  endfacet
  facet normal 0.996191 -0.0871997 0
    outer loop
      vertex 92.3 6 -1.2
      vertex 92.2468 5.39223 0
      vertex 92.2468 5.39223 -1.2
    endloop
  endfacet
  facet normal 0.81918 0.573537 0
    outer loop
      vertex 91.8311 7.75 0
      vertex 91.4812 8.24976 -1.2
      vertex 91.4812 8.24976 0
    endloop
  endfacet
  facet normal 0.81918 0.573537 0
    outer loop
      vertex 91.4812 8.24976 -1.2
      vertex 91.8311 7.75 0
      vertex 91.8311 7.75 -1.2
    endloop
  endfacet
  facet normal -0.573539 0.819178 0
    outer loop
      vertex 87.05 9.03109 -1.2
      vertex 86.5502 8.68116 0
      vertex 87.05 9.03109 0
    endloop
  endfacet
  facet normal -0.573539 0.819178 0
    outer loop
      vertex 86.5502 8.68116 0
      vertex 87.05 9.03109 -1.2
      vertex 86.5502 8.68116 -1.2
    endloop
  endfacet
  facet normal 0.965927 -0.258815 0
    outer loop
      vertex 92.0889 4.80293 0
      vertex 92.2468 5.39223 -1.2
      vertex 92.2468 5.39223 0
    endloop
  endfacet
  facet normal 0.965927 -0.258815 0
    outer loop
      vertex 92.2468 5.39223 -1.2
      vertex 92.0889 4.80293 0
      vertex 92.0889 4.80293 -1.2
    endloop
  endfacet
  facet normal -0.42263 0.906302 0
    outer loop
      vertex 87.6029 9.28892 -1.2
      vertex 87.05 9.03109 0
      vertex 87.6029 9.28892 0
    endloop
  endfacet
  facet normal -0.42263 0.906302 0
    outer loop
      vertex 87.05 9.03109 0
      vertex 87.6029 9.28892 -1.2
      vertex 87.05 9.03109 -1.2
    endloop
  endfacet
  facet normal -0.573539 -0.819178 0
    outer loop
      vertex 86.5502 3.31884 -1.2
      vertex 87.05 2.96891 0
      vertex 86.5502 3.31884 0
    endloop
  endfacet
  facet normal -0.573539 -0.819178 -0
    outer loop
      vertex 87.05 2.96891 0
      vertex 86.5502 3.31884 -1.2
      vertex 87.05 2.96891 -1.2
    endloop
  endfacet
  facet normal 0.0871466 0.996195 -0
    outer loop
      vertex 89.4078 9.44683 -1.2
      vertex 88.8 9.5 0
      vertex 89.4078 9.44683 0
    endloop
  endfacet
  facet normal 0.0871466 0.996195 0
    outer loop
      vertex 88.8 9.5 0
      vertex 89.4078 9.44683 -1.2
      vertex 88.8 9.5 -1.2
    endloop
  endfacet
  facet normal -0.258831 0.965923 0
    outer loop
      vertex 88.1922 9.44683 -1.2
      vertex 87.6029 9.28892 0
      vertex 88.1922 9.44683 0
    endloop
  endfacet
  facet normal -0.258831 0.965923 0
    outer loop
      vertex 87.6029 9.28892 0
      vertex 88.1922 9.44683 -1.2
      vertex 87.6029 9.28892 -1.2
    endloop
  endfacet
  facet normal 0.42263 0.906302 -0
    outer loop
      vertex 90.55 9.03109 -1.2
      vertex 89.9971 9.28892 0
      vertex 90.55 9.03109 0
    endloop
  endfacet
  facet normal 0.42263 0.906302 0
    outer loop
      vertex 89.9971 9.28892 0
      vertex 90.55 9.03109 -1.2
      vertex 89.9971 9.28892 -1.2
    endloop
  endfacet
  facet normal -0.0871466 -0.996195 0
    outer loop
      vertex 88.1922 2.55317 -1.2
      vertex 88.8 2.5 0
      vertex 88.1922 2.55317 0
    endloop
  endfacet
  facet normal -0.0871466 -0.996195 -0
    outer loop
      vertex 88.8 2.5 0
      vertex 88.1922 2.55317 -1.2
      vertex 88.8 2.5 -1.2
    endloop
  endfacet
  facet normal 0.258831 -0.965923 0
    outer loop
      vertex 89.4078 2.55317 -1.2
      vertex 89.9971 2.71108 0
      vertex 89.4078 2.55317 0
    endloop
  endfacet
  facet normal 0.258831 -0.965923 0
    outer loop
      vertex 89.9971 2.71108 0
      vertex 89.4078 2.55317 -1.2
      vertex 89.9971 2.71108 -1.2
    endloop
  endfacet
  facet normal 0.707107 0.707107 0
    outer loop
      vertex 91.4812 8.24976 0
      vertex 91.0498 8.68116 -1.2
      vertex 91.0498 8.68116 0
    endloop
  endfacet
  facet normal 0.707107 0.707107 0
    outer loop
      vertex 91.0498 8.68116 -1.2
      vertex 91.4812 8.24976 0
      vertex 91.4812 8.24976 -1.2
    endloop
  endfacet
  facet normal 0.573539 0.819178 -0
    outer loop
      vertex 91.0498 8.68116 -1.2
      vertex 90.55 9.03109 0
      vertex 91.0498 8.68116 0
    endloop
  endfacet
  facet normal 0.573539 0.819178 0
    outer loop
      vertex 90.55 9.03109 0
      vertex 91.0498 8.68116 -1.2
      vertex 90.55 9.03109 -1.2
    endloop
  endfacet
  facet normal -0.965927 -0.258815 0
    outer loop
      vertex 85.5111 4.80293 -1.2
      vertex 85.3532 5.39223 0
      vertex 85.3532 5.39223 -1.2
    endloop
  endfacet
  facet normal -0.965927 -0.258815 0
    outer loop
      vertex 85.3532 5.39223 0
      vertex 85.5111 4.80293 -1.2
      vertex 85.5111 4.80293 0
    endloop
  endfacet
  facet normal -0.707107 0.707107 0
    outer loop
      vertex 86.1188 8.24976 -1.2
      vertex 86.5502 8.68116 0
      vertex 86.5502 8.68116 -1.2
    endloop
  endfacet
  facet normal -0.707107 0.707107 0
    outer loop
      vertex 86.5502 8.68116 0
      vertex 86.1188 8.24976 -1.2
      vertex 86.1188 8.24976 0
    endloop
  endfacet
  facet normal 0.573539 -0.819178 0
    outer loop
      vertex 90.55 2.96891 -1.2
      vertex 91.0498 3.31884 0
      vertex 90.55 2.96891 0
    endloop
  endfacet
  facet normal 0.573539 -0.819178 0
    outer loop
      vertex 91.0498 3.31884 0
      vertex 90.55 2.96891 -1.2
      vertex 91.0498 3.31884 -1.2
    endloop
  endfacet
  facet normal 0.707107 -0.707107 0
    outer loop
      vertex 91.0498 3.31884 0
      vertex 91.4812 3.75024 -1.2
      vertex 91.4812 3.75024 0
    endloop
  endfacet
  facet normal 0.707107 -0.707107 0
    outer loop
      vertex 91.4812 3.75024 -1.2
      vertex 91.0498 3.31884 0
      vertex 91.0498 3.31884 -1.2
    endloop
  endfacet
  facet normal -0.996191 -0.0871997 0
    outer loop
      vertex 85.3532 5.39223 -1.2
      vertex 85.3 6 0
      vertex 85.3 6 -1.2
    endloop
  endfacet
  facet normal -0.996191 -0.0871997 0
    outer loop
      vertex 85.3 6 0
      vertex 85.3532 5.39223 -1.2
      vertex 85.3532 5.39223 0
    endloop
  endfacet
  facet normal -0.707107 -0.707107 0
    outer loop
      vertex 86.5502 3.31884 -1.2
      vertex 86.1188 3.75024 0
      vertex 86.1188 3.75024 -1.2
    endloop
  endfacet
  facet normal -0.707107 -0.707107 0
    outer loop
      vertex 86.1188 3.75024 0
      vertex 86.5502 3.31884 -1.2
      vertex 86.5502 3.31884 0
    endloop
  endfacet
  facet normal 0.258831 0.965923 -0
    outer loop
      vertex 89.9971 9.28892 -1.2
      vertex 89.4078 9.44683 0
      vertex 89.9971 9.28892 0
    endloop
  endfacet
  facet normal 0.258831 0.965923 0
    outer loop
      vertex 89.4078 9.44683 0
      vertex 89.9971 9.28892 -1.2
      vertex 89.4078 9.44683 -1.2
    endloop
  endfacet
  facet normal -0.90633 0.42257 0
    outer loop
      vertex 85.5111 7.19707 -1.2
      vertex 85.7689 7.75 0
      vertex 85.7689 7.75 -1.2
    endloop
  endfacet
  facet normal -0.90633 0.42257 0
    outer loop
      vertex 85.7689 7.75 0
      vertex 85.5111 7.19707 -1.2
      vertex 85.5111 7.19707 0
    endloop
  endfacet
  facet normal -0.90633 -0.42257 0
    outer loop
      vertex 85.7689 4.25 -1.2
      vertex 85.5111 4.80293 0
      vertex 85.5111 4.80293 -1.2
    endloop
  endfacet
  facet normal -0.90633 -0.42257 0
    outer loop
      vertex 85.5111 4.80293 0
      vertex 85.7689 4.25 -1.2
      vertex 85.7689 4.25 0
    endloop
  endfacet
  facet normal 0.81918 -0.573537 0
    outer loop
      vertex 91.4812 3.75024 0
      vertex 91.8311 4.25 -1.2
      vertex 91.8311 4.25 0
    endloop
  endfacet
  facet normal 0.81918 -0.573537 0
    outer loop
      vertex 91.8311 4.25 -1.2
      vertex 91.4812 3.75024 0
      vertex 91.4812 3.75024 -1.2
    endloop
  endfacet
  facet normal 0.90633 -0.42257 0
    outer loop
      vertex 91.8311 4.25 0
      vertex 92.0889 4.80293 -1.2
      vertex 92.0889 4.80293 0
    endloop
  endfacet
  facet normal 0.90633 -0.42257 0
    outer loop
      vertex 92.0889 4.80293 -1.2
      vertex 91.8311 4.25 0
      vertex 91.8311 4.25 -1.2
    endloop
  endfacet
  facet normal -0.965927 0.258815 0
    outer loop
      vertex 85.3532 6.60777 -1.2
      vertex 85.5111 7.19707 0
      vertex 85.5111 7.19707 -1.2
    endloop
  endfacet
  facet normal -0.965927 0.258815 0
    outer loop
      vertex 85.5111 7.19707 0
      vertex 85.3532 6.60777 -1.2
      vertex 85.3532 6.60777 0
    endloop
  endfacet
  facet normal -0.258831 -0.965923 0
    outer loop
      vertex 87.6029 2.71108 -1.2
      vertex 88.1922 2.55317 0
      vertex 87.6029 2.71108 0
    endloop
  endfacet
  facet normal -0.258831 -0.965923 -0
    outer loop
      vertex 88.1922 2.55317 0
      vertex 87.6029 2.71108 -1.2
      vertex 88.1922 2.55317 -1.2
    endloop
  endfacet
  facet normal -0.996191 0.0871997 0
    outer loop
      vertex 85.3 6 -1.2
      vertex 85.3532 6.60777 0
      vertex 85.3532 6.60777 -1.2
    endloop
  endfacet
  facet normal -0.996191 0.0871997 0
    outer loop
      vertex 85.3532 6.60777 0
      vertex 85.3 6 -1.2
      vertex 85.3 6 0
    endloop
  endfacet
  facet normal -0.81918 0.573537 0
    outer loop
      vertex 85.7689 7.75 -1.2
      vertex 86.1188 8.24976 0
      vertex 86.1188 8.24976 -1.2
    endloop
  endfacet
  facet normal -0.81918 0.573537 0
    outer loop
      vertex 86.1188 8.24976 0
      vertex 85.7689 7.75 -1.2
      vertex 85.7689 7.75 0
    endloop
  endfacet
  facet normal -0.42263 -0.906302 0
    outer loop
      vertex 87.05 2.96891 -1.2
      vertex 87.6029 2.71108 0
      vertex 87.05 2.96891 0
    endloop
  endfacet
  facet normal -0.42263 -0.906302 -0
    outer loop
      vertex 87.6029 2.71108 0
      vertex 87.05 2.96891 -1.2
      vertex 87.6029 2.71108 -1.2
    endloop
  endfacet
  facet normal 0.965923 0.258831 0
    outer loop
      vertex 9.44683 25.8078 0
      vertex 9.28892 26.3971 -1.2
      vertex 9.28892 26.3971 0
    endloop
  endfacet
  facet normal 0.965923 0.258831 0
    outer loop
      vertex 9.28892 26.3971 -1.2
      vertex 9.44683 25.8078 0
      vertex 9.44683 25.8078 -1.2
    endloop
  endfacet
  facet normal 0.996195 0.0871466 0
    outer loop
      vertex 9.5 25.2 0
      vertex 9.44683 25.8078 -1.2
      vertex 9.44683 25.8078 0
    endloop
  endfacet
  facet normal 0.996195 0.0871466 0
    outer loop
      vertex 9.44683 25.8078 -1.2
      vertex 9.5 25.2 0
      vertex 9.5 25.2 -1.2
    endloop
  endfacet
  facet normal 0.906302 0.42263 0
    outer loop
      vertex 9.28892 26.3971 0
      vertex 9.03109 26.95 -1.2
      vertex 9.03109 26.95 0
    endloop
  endfacet
  facet normal 0.906302 0.42263 0
    outer loop
      vertex 9.03109 26.95 -1.2
      vertex 9.28892 26.3971 0
      vertex 9.28892 26.3971 -1.2
    endloop
  endfacet
  facet normal 0.819178 0.573539 0
    outer loop
      vertex 9.03109 26.95 0
      vertex 8.68116 27.4498 -1.2
      vertex 8.68116 27.4498 0
    endloop
  endfacet
  facet normal 0.819178 0.573539 0
    outer loop
      vertex 8.68116 27.4498 -1.2
      vertex 9.03109 26.95 0
      vertex 9.03109 26.95 -1.2
    endloop
  endfacet
  facet normal -0.996195 0.0871466 0
    outer loop
      vertex 2.5 25.2 -1.2
      vertex 2.55317 25.8078 0
      vertex 2.55317 25.8078 -1.2
    endloop
  endfacet
  facet normal -0.996195 0.0871466 0
    outer loop
      vertex 2.55317 25.8078 0
      vertex 2.5 25.2 -1.2
      vertex 2.5 25.2 0
    endloop
  endfacet
  facet normal 0.906302 -0.42263 0
    outer loop
      vertex 9.03109 23.45 0
      vertex 9.28892 24.0029 -1.2
      vertex 9.28892 24.0029 0
    endloop
  endfacet
  facet normal 0.906302 -0.42263 0
    outer loop
      vertex 9.28892 24.0029 -1.2
      vertex 9.03109 23.45 0
      vertex 9.03109 23.45 -1.2
    endloop
  endfacet
  facet normal 0.0871997 0.996191 -0
    outer loop
      vertex 6.60777 28.6468 -1.2
      vertex 6 28.7 0
      vertex 6.60777 28.6468 0
    endloop
  endfacet
  facet normal 0.0871997 0.996191 0
    outer loop
      vertex 6 28.7 0
      vertex 6.60777 28.6468 -1.2
      vertex 6 28.7 -1.2
    endloop
  endfacet
  facet normal -0.819178 0.573539 0
    outer loop
      vertex 2.96891 26.95 -1.2
      vertex 3.31884 27.4498 0
      vertex 3.31884 27.4498 -1.2
    endloop
  endfacet
  facet normal -0.819178 0.573539 0
    outer loop
      vertex 3.31884 27.4498 0
      vertex 2.96891 26.95 -1.2
      vertex 2.96891 26.95 0
    endloop
  endfacet
  facet normal -0.42257 -0.90633 0
    outer loop
      vertex 4.25 22.1689 -1.2
      vertex 4.80293 21.9111 0
      vertex 4.25 22.1689 0
    endloop
  endfacet
  facet normal -0.42257 -0.90633 -0
    outer loop
      vertex 4.80293 21.9111 0
      vertex 4.25 22.1689 -1.2
      vertex 4.80293 21.9111 -1.2
    endloop
  endfacet
  facet normal -0.965923 0.258831 0
    outer loop
      vertex 2.55317 25.8078 -1.2
      vertex 2.71108 26.3971 0
      vertex 2.71108 26.3971 -1.2
    endloop
  endfacet
  facet normal -0.965923 0.258831 0
    outer loop
      vertex 2.71108 26.3971 0
      vertex 2.55317 25.8078 -1.2
      vertex 2.55317 25.8078 0
    endloop
  endfacet
  facet normal 0.573537 -0.81918 0
    outer loop
      vertex 7.75 22.1689 -1.2
      vertex 8.24976 22.5188 0
      vertex 7.75 22.1689 0
    endloop
  endfacet
  facet normal 0.573537 -0.81918 0
    outer loop
      vertex 8.24976 22.5188 0
      vertex 7.75 22.1689 -1.2
      vertex 8.24976 22.5188 -1.2
    endloop
  endfacet
  facet normal 0.819178 -0.573539 0
    outer loop
      vertex 8.68116 22.9502 0
      vertex 9.03109 23.45 -1.2
      vertex 9.03109 23.45 0
    endloop
  endfacet
  facet normal 0.819178 -0.573539 0
    outer loop
      vertex 9.03109 23.45 -1.2
      vertex 8.68116 22.9502 0
      vertex 8.68116 22.9502 -1.2
    endloop
  endfacet
  facet normal -0.258815 -0.965927 0
    outer loop
      vertex 4.80293 21.9111 -1.2
      vertex 5.39223 21.7532 0
      vertex 4.80293 21.9111 0
    endloop
  endfacet
  facet normal -0.258815 -0.965927 -0
    outer loop
      vertex 5.39223 21.7532 0
      vertex 4.80293 21.9111 -1.2
      vertex 5.39223 21.7532 -1.2
    endloop
  endfacet
  facet normal -0.258815 0.965927 0
    outer loop
      vertex 5.39223 28.6468 -1.2
      vertex 4.80293 28.4889 0
      vertex 5.39223 28.6468 0
    endloop
  endfacet
  facet normal -0.258815 0.965927 0
    outer loop
      vertex 4.80293 28.4889 0
      vertex 5.39223 28.6468 -1.2
      vertex 4.80293 28.4889 -1.2
    endloop
  endfacet
  facet normal 0.258815 -0.965927 0
    outer loop
      vertex 6.60777 21.7532 -1.2
      vertex 7.19707 21.9111 0
      vertex 6.60777 21.7532 0
    endloop
  endfacet
  facet normal 0.258815 -0.965927 0
    outer loop
      vertex 7.19707 21.9111 0
      vertex 6.60777 21.7532 -1.2
      vertex 7.19707 21.9111 -1.2
    endloop
  endfacet
  facet normal -0.996195 -0.0871466 0
    outer loop
      vertex 2.55317 24.5922 -1.2
      vertex 2.5 25.2 0
      vertex 2.5 25.2 -1.2
    endloop
  endfacet
  facet normal -0.996195 -0.0871466 0
    outer loop
      vertex 2.5 25.2 0
      vertex 2.55317 24.5922 -1.2
      vertex 2.55317 24.5922 0
    endloop
  endfacet
  facet normal -0.965923 -0.258831 0
    outer loop
      vertex 2.71108 24.0029 -1.2
      vertex 2.55317 24.5922 0
      vertex 2.55317 24.5922 -1.2
    endloop
  endfacet
  facet normal -0.965923 -0.258831 0
    outer loop
      vertex 2.55317 24.5922 0
      vertex 2.71108 24.0029 -1.2
      vertex 2.71108 24.0029 0
    endloop
  endfacet
  facet normal 0.707107 -0.707107 0
    outer loop
      vertex 8.24976 22.5188 -1.2
      vertex 8.68116 22.9502 0
      vertex 8.24976 22.5188 0
    endloop
  endfacet
  facet normal 0.707107 -0.707107 0
    outer loop
      vertex 8.68116 22.9502 0
      vertex 8.24976 22.5188 -1.2
      vertex 8.68116 22.9502 -1.2
    endloop
  endfacet
  facet normal 0.996195 -0.0871466 0
    outer loop
      vertex 9.44683 24.5922 0
      vertex 9.5 25.2 -1.2
      vertex 9.5 25.2 0
    endloop
  endfacet
  facet normal 0.996195 -0.0871466 0
    outer loop
      vertex 9.5 25.2 -1.2
      vertex 9.44683 24.5922 0
      vertex 9.44683 24.5922 -1.2
    endloop
  endfacet
  facet normal 0.965923 -0.258831 0
    outer loop
      vertex 9.28892 24.0029 0
      vertex 9.44683 24.5922 -1.2
      vertex 9.44683 24.5922 0
    endloop
  endfacet
  facet normal 0.965923 -0.258831 0
    outer loop
      vertex 9.44683 24.5922 -1.2
      vertex 9.28892 24.0029 0
      vertex 9.28892 24.0029 -1.2
    endloop
  endfacet
  facet normal -0.906302 0.42263 0
    outer loop
      vertex 2.71108 26.3971 -1.2
      vertex 2.96891 26.95 0
      vertex 2.96891 26.95 -1.2
    endloop
  endfacet
  facet normal -0.906302 0.42263 0
    outer loop
      vertex 2.96891 26.95 0
      vertex 2.71108 26.3971 -1.2
      vertex 2.71108 26.3971 0
    endloop
  endfacet
  facet normal -0.906302 -0.42263 0
    outer loop
      vertex 2.96891 23.45 -1.2
      vertex 2.71108 24.0029 0
      vertex 2.71108 24.0029 -1.2
    endloop
  endfacet
  facet normal -0.906302 -0.42263 0
    outer loop
      vertex 2.71108 24.0029 0
      vertex 2.96891 23.45 -1.2
      vertex 2.96891 23.45 0
    endloop
  endfacet
  facet normal 0.258815 0.965927 -0
    outer loop
      vertex 7.19707 28.4889 -1.2
      vertex 6.60777 28.6468 0
      vertex 7.19707 28.4889 0
    endloop
  endfacet
  facet normal 0.258815 0.965927 0
    outer loop
      vertex 6.60777 28.6468 0
      vertex 7.19707 28.4889 -1.2
      vertex 6.60777 28.6468 -1.2
    endloop
  endfacet
  facet normal 0.42257 0.90633 -0
    outer loop
      vertex 7.75 28.2311 -1.2
      vertex 7.19707 28.4889 0
      vertex 7.75 28.2311 0
    endloop
  endfacet
  facet normal 0.42257 0.90633 0
    outer loop
      vertex 7.19707 28.4889 0
      vertex 7.75 28.2311 -1.2
      vertex 7.19707 28.4889 -1.2
    endloop
  endfacet
  facet normal -0.573537 -0.81918 0
    outer loop
      vertex 3.75024 22.5188 -1.2
      vertex 4.25 22.1689 0
      vertex 3.75024 22.5188 0
    endloop
  endfacet
  facet normal -0.573537 -0.81918 -0
    outer loop
      vertex 4.25 22.1689 0
      vertex 3.75024 22.5188 -1.2
      vertex 4.25 22.1689 -1.2
    endloop
  endfacet
  facet normal 0.0871997 -0.996191 0
    outer loop
      vertex 6 21.7 -1.2
      vertex 6.60777 21.7532 0
      vertex 6 21.7 0
    endloop
  endfacet
  facet normal 0.0871997 -0.996191 0
    outer loop
      vertex 6.60777 21.7532 0
      vertex 6 21.7 -1.2
      vertex 6.60777 21.7532 -1.2
    endloop
  endfacet
  facet normal 0.573537 0.81918 -0
    outer loop
      vertex 8.24976 27.8812 -1.2
      vertex 7.75 28.2311 0
      vertex 8.24976 27.8812 0
    endloop
  endfacet
  facet normal 0.573537 0.81918 0
    outer loop
      vertex 7.75 28.2311 0
      vertex 8.24976 27.8812 -1.2
      vertex 7.75 28.2311 -1.2
    endloop
  endfacet
  facet normal 0.42257 -0.90633 0
    outer loop
      vertex 7.19707 21.9111 -1.2
      vertex 7.75 22.1689 0
      vertex 7.19707 21.9111 0
    endloop
  endfacet
  facet normal 0.42257 -0.90633 0
    outer loop
      vertex 7.75 22.1689 0
      vertex 7.19707 21.9111 -1.2
      vertex 7.75 22.1689 -1.2
    endloop
  endfacet
  facet normal 0.707107 0.707107 -0
    outer loop
      vertex 8.68116 27.4498 -1.2
      vertex 8.24976 27.8812 0
      vertex 8.68116 27.4498 0
    endloop
  endfacet
  facet normal 0.707107 0.707107 0
    outer loop
      vertex 8.24976 27.8812 0
      vertex 8.68116 27.4498 -1.2
      vertex 8.24976 27.8812 -1.2
    endloop
  endfacet
  facet normal -0.42257 0.90633 0
    outer loop
      vertex 4.80293 28.4889 -1.2
      vertex 4.25 28.2311 0
      vertex 4.80293 28.4889 0
    endloop
  endfacet
  facet normal -0.42257 0.90633 0
    outer loop
      vertex 4.25 28.2311 0
      vertex 4.80293 28.4889 -1.2
      vertex 4.25 28.2311 -1.2
    endloop
  endfacet
  facet normal -0.819178 -0.573539 0
    outer loop
      vertex 3.31884 22.9502 -1.2
      vertex 2.96891 23.45 0
      vertex 2.96891 23.45 -1.2
    endloop
  endfacet
  facet normal -0.819178 -0.573539 0
    outer loop
      vertex 2.96891 23.45 0
      vertex 3.31884 22.9502 -1.2
      vertex 3.31884 22.9502 0
    endloop
  endfacet
  facet normal -0.707107 -0.707107 0
    outer loop
      vertex 3.31884 22.9502 -1.2
      vertex 3.75024 22.5188 0
      vertex 3.31884 22.9502 0
    endloop
  endfacet
  facet normal -0.707107 -0.707107 -0
    outer loop
      vertex 3.75024 22.5188 0
      vertex 3.31884 22.9502 -1.2
      vertex 3.75024 22.5188 -1.2
    endloop
  endfacet
  facet normal -0.0871997 0.996191 0
    outer loop
      vertex 6 28.7 -1.2
      vertex 5.39223 28.6468 0
      vertex 6 28.7 0
    endloop
  endfacet
  facet normal -0.0871997 0.996191 0
    outer loop
      vertex 5.39223 28.6468 0
      vertex 6 28.7 -1.2
      vertex 5.39223 28.6468 -1.2
    endloop
  endfacet
  facet normal -0.0871997 -0.996191 0
    outer loop
      vertex 5.39223 21.7532 -1.2
      vertex 6 21.7 0
      vertex 5.39223 21.7532 0
    endloop
  endfacet
  facet normal -0.0871997 -0.996191 -0
    outer loop
      vertex 6 21.7 0
      vertex 5.39223 21.7532 -1.2
      vertex 6 21.7 -1.2
    endloop
  endfacet
  facet normal -0.707107 0.707107 0
    outer loop
      vertex 3.75024 27.8812 -1.2
      vertex 3.31884 27.4498 0
      vertex 3.75024 27.8812 0
    endloop
  endfacet
  facet normal -0.707107 0.707107 0
    outer loop
      vertex 3.31884 27.4498 0
      vertex 3.75024 27.8812 -1.2
      vertex 3.31884 27.4498 -1.2
    endloop
  endfacet
  facet normal 0 0 -1
    outer loop
      vertex 9.44683 24.5922 -1.2
      vertex 9.44683 25.8078 -1.2
      vertex 9.5 25.2 -1.2
    endloop
  endfacet
  facet normal 0 0 -1
    outer loop
      vertex 9.28892 24.0029 -1.2
      vertex 9.44683 25.8078 -1.2
      vertex 9.44683 24.5922 -1.2
    endloop
  endfacet
  facet normal 0 0 -1
    outer loop
      vertex 9.28892 24.0029 -1.2
      vertex 9.28892 26.3971 -1.2
      vertex 9.44683 25.8078 -1.2
    endloop
  endfacet
  facet normal 0 0 -1
    outer loop
      vertex 9.03109 23.45 -1.2
      vertex 9.28892 26.3971 -1.2
      vertex 9.28892 24.0029 -1.2
    endloop
  endfacet
  facet normal 0 0 -1
    outer loop
      vertex 9.03109 23.45 -1.2
      vertex 9.03109 26.95 -1.2
      vertex 9.28892 26.3971 -1.2
    endloop
  endfacet
  facet normal 0 0 -1
    outer loop
      vertex 8.68116 22.9502 -1.2
      vertex 9.03109 26.95 -1.2
      vertex 9.03109 23.45 -1.2
    endloop
  endfacet
  facet normal 0 0 -1
    outer loop
      vertex 8.68116 22.9502 -1.2
      vertex 8.68116 27.4498 -1.2
      vertex 9.03109 26.95 -1.2
    endloop
  endfacet
  facet normal 0 0 -1
    outer loop
      vertex 8.24976 22.5188 -1.2
      vertex 8.68116 27.4498 -1.2
      vertex 8.68116 22.9502 -1.2
    endloop
  endfacet
  facet normal 0 0 -1
    outer loop
      vertex 8.24976 22.5188 -1.2
      vertex 8.24976 27.8812 -1.2
      vertex 8.68116 27.4498 -1.2
    endloop
  endfacet
  facet normal 0 0 -1
    outer loop
      vertex 7.75 22.1689 -1.2
      vertex 8.24976 27.8812 -1.2
      vertex 8.24976 22.5188 -1.2
    endloop
  endfacet
  facet normal 0 0 -1
    outer loop
      vertex 7.75 22.1689 -1.2
      vertex 7.75 28.2311 -1.2
      vertex 8.24976 27.8812 -1.2
    endloop
  endfacet
  facet normal 0 0 -1
    outer loop
      vertex 7.19707 21.9111 -1.2
      vertex 7.75 28.2311 -1.2
      vertex 7.75 22.1689 -1.2
    endloop
  endfacet
  facet normal 0 0 -1
    outer loop
      vertex 7.19707 21.9111 -1.2
      vertex 7.19707 28.4889 -1.2
      vertex 7.75 28.2311 -1.2
    endloop
  endfacet
  facet normal 0 0 -1
    outer loop
      vertex 6.60777 21.7532 -1.2
      vertex 7.19707 28.4889 -1.2
      vertex 7.19707 21.9111 -1.2
    endloop
  endfacet
  facet normal 0 0 -1
    outer loop
      vertex 6.60777 21.7532 -1.2
      vertex 6.60777 28.6468 -1.2
      vertex 7.19707 28.4889 -1.2
    endloop
  endfacet
  facet normal 0 0 -1
    outer loop
      vertex 6 21.7 -1.2
      vertex 6.60777 28.6468 -1.2
      vertex 6.60777 21.7532 -1.2
    endloop
  endfacet
  facet normal 0 0 -1
    outer loop
      vertex 6 21.7 -1.2
      vertex 6 28.7 -1.2
      vertex 6.60777 28.6468 -1.2
    endloop
  endfacet
  facet normal 0 0 -1
    outer loop
      vertex 5.39223 21.7532 -1.2
      vertex 6 28.7 -1.2
      vertex 6 21.7 -1.2
    endloop
  endfacet
  facet normal 0 0 -1
    outer loop
      vertex 5.39223 21.7532 -1.2
      vertex 5.39223 28.6468 -1.2
      vertex 6 28.7 -1.2
    endloop
  endfacet
  facet normal 0 0 -1
    outer loop
      vertex 4.80293 21.9111 -1.2
      vertex 5.39223 28.6468 -1.2
      vertex 5.39223 21.7532 -1.2
    endloop
  endfacet
  facet normal 0 0 -1
    outer loop
      vertex 4.80293 21.9111 -1.2
      vertex 4.80293 28.4889 -1.2
      vertex 5.39223 28.6468 -1.2
    endloop
  endfacet
  facet normal 0 0 -1
    outer loop
      vertex 4.25 22.1689 -1.2
      vertex 4.80293 28.4889 -1.2
      vertex 4.80293 21.9111 -1.2
    endloop
  endfacet
  facet normal 0 0 -1
    outer loop
      vertex 4.25 22.1689 -1.2
      vertex 4.25 28.2311 -1.2
      vertex 4.80293 28.4889 -1.2
    endloop
  endfacet
  facet normal 0 0 -1
    outer loop
      vertex 3.75024 22.5188 -1.2
      vertex 4.25 28.2311 -1.2
      vertex 4.25 22.1689 -1.2
    endloop
  endfacet
  facet normal 0 0 -1
    outer loop
      vertex 3.75024 22.5188 -1.2
      vertex 3.75024 27.8812 -1.2
      vertex 4.25 28.2311 -1.2
    endloop
  endfacet
  facet normal 0 0 -1
    outer loop
      vertex 3.31884 22.9502 -1.2
      vertex 3.75024 27.8812 -1.2
      vertex 3.75024 22.5188 -1.2
    endloop
  endfacet
  facet normal 0 0 -1
    outer loop
      vertex 3.31884 22.9502 -1.2
      vertex 3.31884 27.4498 -1.2
      vertex 3.75024 27.8812 -1.2
    endloop
  endfacet
  facet normal 0 0 -1
    outer loop
      vertex 2.96891 23.45 -1.2
      vertex 3.31884 27.4498 -1.2
      vertex 3.31884 22.9502 -1.2
    endloop
  endfacet
  facet normal 0 0 -1
    outer loop
      vertex 2.96891 23.45 -1.2
      vertex 2.96891 26.95 -1.2
      vertex 3.31884 27.4498 -1.2
    endloop
  endfacet
  facet normal 0 0 -1
    outer loop
      vertex 2.71108 24.0029 -1.2
      vertex 2.96891 26.95 -1.2
      vertex 2.96891 23.45 -1.2
    endloop
  endfacet
  facet normal 0 0 -1
    outer loop
      vertex 2.71108 24.0029 -1.2
      vertex 2.71108 26.3971 -1.2
      vertex 2.96891 26.95 -1.2
    endloop
  endfacet
  facet normal 0 0 -1
    outer loop
      vertex 2.55317 24.5922 -1.2
      vertex 2.71108 26.3971 -1.2
      vertex 2.71108 24.0029 -1.2
    endloop
  endfacet
  facet normal 0 0 -1
    outer loop
      vertex 2.55317 24.5922 -1.2
      vertex 2.55317 25.8078 -1.2
      vertex 2.71108 26.3971 -1.2
    endloop
  endfacet
  facet normal 0 -0 -1
    outer loop
      vertex 2.55317 25.8078 -1.2
      vertex 2.55317 24.5922 -1.2
      vertex 2.5 25.2 -1.2
    endloop
  endfacet
  facet normal -0.573537 0.81918 0
    outer loop
      vertex 4.25 28.2311 -1.2
      vertex 3.75024 27.8812 0
      vertex 4.25 28.2311 0
    endloop
  endfacet
  facet normal -0.573537 0.81918 0
    outer loop
      vertex 3.75024 27.8812 0
      vertex 4.25 28.2311 -1.2
      vertex 3.75024 27.8812 -1.2
    endloop
  endfacet
  facet normal -0.0871954 0.996191 0
    outer loop
      vertex 88.8 28.7 -1.2
      vertex 88.1922 28.6468 0
      vertex 88.8 28.7 0
    endloop
  endfacet
  facet normal -0.0871954 0.996191 0
    outer loop
      vertex 88.1922 28.6468 0
      vertex 88.8 28.7 -1.2
      vertex 88.1922 28.6468 -1.2
    endloop
  endfacet
  facet normal 0.965927 0.258815 0
    outer loop
      vertex 92.2468 25.8078 0
      vertex 92.0889 26.3971 -1.2
      vertex 92.0889 26.3971 0
    endloop
  endfacet
  facet normal 0.965927 0.258815 0
    outer loop
      vertex 92.0889 26.3971 -1.2
      vertex 92.2468 25.8078 0
      vertex 92.2468 25.8078 -1.2
    endloop
  endfacet
  facet normal 0.996191 0.0871954 0
    outer loop
      vertex 92.3 25.2 0
      vertex 92.2468 25.8078 -1.2
      vertex 92.2468 25.8078 0
    endloop
  endfacet
  facet normal 0.996191 0.0871954 0
    outer loop
      vertex 92.2468 25.8078 -1.2
      vertex 92.3 25.2 0
      vertex 92.3 25.2 -1.2
    endloop
  endfacet
  facet normal 0.906321 0.422589 0
    outer loop
      vertex 92.0889 26.3971 0
      vertex 91.8311 26.95 -1.2
      vertex 91.8311 26.95 0
    endloop
  endfacet
  facet normal 0.906321 0.422589 0
    outer loop
      vertex 91.8311 26.95 -1.2
      vertex 92.0889 26.3971 0
      vertex 92.0889 26.3971 -1.2
    endloop
  endfacet
  facet normal -0.707107 0.707107 0
    outer loop
      vertex 86.1188 27.4498 -1.2
      vertex 86.5502 27.8812 0
      vertex 86.5502 27.8812 -1.2
    endloop
  endfacet
  facet normal -0.707107 0.707107 0
    outer loop
      vertex 86.5502 27.8812 0
      vertex 86.1188 27.4498 -1.2
      vertex 86.1188 27.4498 0
    endloop
  endfacet
  facet normal 0 0 -1
    outer loop
      vertex 92.2468 24.5922 -1.2
      vertex 92.2468 25.8078 -1.2
      vertex 92.3 25.2 -1.2
    endloop
  endfacet
  facet normal 0 0 -1
    outer loop
      vertex 92.0889 24.0029 -1.2
      vertex 92.2468 25.8078 -1.2
      vertex 92.2468 24.5922 -1.2
    endloop
  endfacet
  facet normal 0 0 -1
    outer loop
      vertex 92.0889 24.0029 -1.2
      vertex 92.0889 26.3971 -1.2
      vertex 92.2468 25.8078 -1.2
    endloop
  endfacet
  facet normal 0 0 -1
    outer loop
      vertex 91.8311 23.45 -1.2
      vertex 92.0889 26.3971 -1.2
      vertex 92.0889 24.0029 -1.2
    endloop
  endfacet
  facet normal 0 0 -1
    outer loop
      vertex 91.8311 23.45 -1.2
      vertex 91.8311 26.95 -1.2
      vertex 92.0889 26.3971 -1.2
    endloop
  endfacet
  facet normal 0 0 -1
    outer loop
      vertex 91.4812 22.9502 -1.2
      vertex 91.8311 26.95 -1.2
      vertex 91.8311 23.45 -1.2
    endloop
  endfacet
  facet normal 0 0 -1
    outer loop
      vertex 91.4812 22.9502 -1.2
      vertex 91.4812 27.4498 -1.2
      vertex 91.8311 26.95 -1.2
    endloop
  endfacet
  facet normal 0 0 -1
    outer loop
      vertex 91.0498 22.5188 -1.2
      vertex 91.4812 27.4498 -1.2
      vertex 91.4812 22.9502 -1.2
    endloop
  endfacet
  facet normal 0 0 -1
    outer loop
      vertex 91.0498 22.5188 -1.2
      vertex 91.0498 27.8812 -1.2
      vertex 91.4812 27.4498 -1.2
    endloop
  endfacet
  facet normal 0 0 -1
    outer loop
      vertex 90.55 22.1689 -1.2
      vertex 91.0498 27.8812 -1.2
      vertex 91.0498 22.5188 -1.2
    endloop
  endfacet
  facet normal 0 0 -1
    outer loop
      vertex 90.55 22.1689 -1.2
      vertex 90.55 28.2311 -1.2
      vertex 91.0498 27.8812 -1.2
    endloop
  endfacet
  facet normal 0 0 -1
    outer loop
      vertex 89.9971 21.9111 -1.2
      vertex 90.55 28.2311 -1.2
      vertex 90.55 22.1689 -1.2
    endloop
  endfacet
  facet normal 0 0 -1
    outer loop
      vertex 89.9971 21.9111 -1.2
      vertex 89.9971 28.4889 -1.2
      vertex 90.55 28.2311 -1.2
    endloop
  endfacet
  facet normal 0 0 -1
    outer loop
      vertex 89.4078 21.7532 -1.2
      vertex 89.9971 28.4889 -1.2
      vertex 89.9971 21.9111 -1.2
    endloop
  endfacet
  facet normal 0 0 -1
    outer loop
      vertex 89.4078 21.7532 -1.2
      vertex 89.4078 28.6468 -1.2
      vertex 89.9971 28.4889 -1.2
    endloop
  endfacet
  facet normal 0 0 -1
    outer loop
      vertex 88.8 21.7 -1.2
      vertex 89.4078 28.6468 -1.2
      vertex 89.4078 21.7532 -1.2
    endloop
  endfacet
  facet normal 0 0 -1
    outer loop
      vertex 88.8 21.7 -1.2
      vertex 88.8 28.7 -1.2
      vertex 89.4078 28.6468 -1.2
    endloop
  endfacet
  facet normal 0 0 -1
    outer loop
      vertex 88.1922 21.7532 -1.2
      vertex 88.8 28.7 -1.2
      vertex 88.8 21.7 -1.2
    endloop
  endfacet
  facet normal 0 0 -1
    outer loop
      vertex 88.1922 21.7532 -1.2
      vertex 88.1922 28.6468 -1.2
      vertex 88.8 28.7 -1.2
    endloop
  endfacet
  facet normal 0 0 -1
    outer loop
      vertex 87.6029 21.9111 -1.2
      vertex 88.1922 28.6468 -1.2
      vertex 88.1922 21.7532 -1.2
    endloop
  endfacet
  facet normal 0 0 -1
    outer loop
      vertex 87.6029 21.9111 -1.2
      vertex 87.6029 28.4889 -1.2
      vertex 88.1922 28.6468 -1.2
    endloop
  endfacet
  facet normal 0 0 -1
    outer loop
      vertex 87.05 22.1689 -1.2
      vertex 87.6029 28.4889 -1.2
      vertex 87.6029 21.9111 -1.2
    endloop
  endfacet
  facet normal 0 0 -1
    outer loop
      vertex 87.05 22.1689 -1.2
      vertex 87.05 28.2311 -1.2
      vertex 87.6029 28.4889 -1.2
    endloop
  endfacet
  facet normal 0 0 -1
    outer loop
      vertex 86.5502 22.5188 -1.2
      vertex 87.05 28.2311 -1.2
      vertex 87.05 22.1689 -1.2
    endloop
  endfacet
  facet normal 0 0 -1
    outer loop
      vertex 86.5502 22.5188 -1.2
      vertex 86.5502 27.8812 -1.2
      vertex 87.05 28.2311 -1.2
    endloop
  endfacet
  facet normal 0 0 -1
    outer loop
      vertex 86.1188 22.9502 -1.2
      vertex 86.5502 27.8812 -1.2
      vertex 86.5502 22.5188 -1.2
    endloop
  endfacet
  facet normal 0 0 -1
    outer loop
      vertex 86.1188 22.9502 -1.2
      vertex 86.1188 27.4498 -1.2
      vertex 86.5502 27.8812 -1.2
    endloop
  endfacet
  facet normal 0 0 -1
    outer loop
      vertex 85.7689 23.45 -1.2
      vertex 86.1188 27.4498 -1.2
      vertex 86.1188 22.9502 -1.2
    endloop
  endfacet
  facet normal 0 0 -1
    outer loop
      vertex 85.7689 23.45 -1.2
      vertex 85.7689 26.95 -1.2
      vertex 86.1188 27.4498 -1.2
    endloop
  endfacet
  facet normal 0 0 -1
    outer loop
      vertex 85.5111 24.0029 -1.2
      vertex 85.7689 26.95 -1.2
      vertex 85.7689 23.45 -1.2
    endloop
  endfacet
  facet normal 0 0 -1
    outer loop
      vertex 85.5111 24.0029 -1.2
      vertex 85.5111 26.3971 -1.2
      vertex 85.7689 26.95 -1.2
    endloop
  endfacet
  facet normal 0 0 -1
    outer loop
      vertex 85.3532 24.5922 -1.2
      vertex 85.5111 26.3971 -1.2
      vertex 85.5111 24.0029 -1.2
    endloop
  endfacet
  facet normal 0 0 -1
    outer loop
      vertex 85.3532 24.5922 -1.2
      vertex 85.3532 25.8078 -1.2
      vertex 85.5111 26.3971 -1.2
    endloop
  endfacet
  facet normal 0 -0 -1
    outer loop
      vertex 85.3532 25.8078 -1.2
      vertex 85.3532 24.5922 -1.2
      vertex 85.3 25.2 -1.2
    endloop
  endfacet
  facet normal 0.0871954 -0.996191 0
    outer loop
      vertex 88.8 21.7 -1.2
      vertex 89.4078 21.7532 0
      vertex 88.8 21.7 0
    endloop
  endfacet
  facet normal 0.0871954 -0.996191 0
    outer loop
      vertex 89.4078 21.7532 0
      vertex 88.8 21.7 -1.2
      vertex 89.4078 21.7532 -1.2
    endloop
  endfacet
  facet normal 0.422589 -0.906321 0
    outer loop
      vertex 89.9971 21.9111 -1.2
      vertex 90.55 22.1689 0
      vertex 89.9971 21.9111 0
    endloop
  endfacet
  facet normal 0.422589 -0.906321 0
    outer loop
      vertex 90.55 22.1689 0
      vertex 89.9971 21.9111 -1.2
      vertex 90.55 22.1689 -1.2
    endloop
  endfacet
  facet normal 0.707107 -0.707107 0
    outer loop
      vertex 91.0498 22.5188 0
      vertex 91.4812 22.9502 -1.2
      vertex 91.4812 22.9502 0
    endloop
  endfacet
  facet normal 0.707107 -0.707107 0
    outer loop
      vertex 91.4812 22.9502 -1.2
      vertex 91.0498 22.5188 0
      vertex 91.0498 22.5188 -1.2
    endloop
  endfacet
  facet normal 0.996191 -0.0871954 0
    outer loop
      vertex 92.2468 24.5922 0
      vertex 92.3 25.2 -1.2
      vertex 92.3 25.2 0
    endloop
  endfacet
  facet normal 0.996191 -0.0871954 0
    outer loop
      vertex 92.3 25.2 -1.2
      vertex 92.2468 24.5922 0
      vertex 92.2468 24.5922 -1.2
    endloop
  endfacet
  facet normal 0.819201 0.573506 0
    outer loop
      vertex 91.8311 26.95 0
      vertex 91.4812 27.4498 -1.2
      vertex 91.4812 27.4498 0
    endloop
  endfacet
  facet normal 0.819201 0.573506 0
    outer loop
      vertex 91.4812 27.4498 -1.2
      vertex 91.8311 26.95 0
      vertex 91.8311 26.95 -1.2
    endloop
  endfacet
  facet normal -0.573506 0.819201 0
    outer loop
      vertex 87.05 28.2311 -1.2
      vertex 86.5502 27.8812 0
      vertex 87.05 28.2311 0
    endloop
  endfacet
  facet normal -0.573506 0.819201 0
    outer loop
      vertex 86.5502 27.8812 0
      vertex 87.05 28.2311 -1.2
      vertex 86.5502 27.8812 -1.2
    endloop
  endfacet
  facet normal 0.965927 -0.258815 0
    outer loop
      vertex 92.0889 24.0029 0
      vertex 92.2468 24.5922 -1.2
      vertex 92.2468 24.5922 0
    endloop
  endfacet
  facet normal 0.965927 -0.258815 0
    outer loop
      vertex 92.2468 24.5922 -1.2
      vertex 92.0889 24.0029 0
      vertex 92.0889 24.0029 -1.2
    endloop
  endfacet
  facet normal -0.422589 0.906321 0
    outer loop
      vertex 87.6029 28.4889 -1.2
      vertex 87.05 28.2311 0
      vertex 87.6029 28.4889 0
    endloop
  endfacet
  facet normal -0.422589 0.906321 0
    outer loop
      vertex 87.05 28.2311 0
      vertex 87.6029 28.4889 -1.2
      vertex 87.05 28.2311 -1.2
    endloop
  endfacet
  facet normal -0.996191 0.0871954 0
    outer loop
      vertex 85.3 25.2 -1.2
      vertex 85.3532 25.8078 0
      vertex 85.3532 25.8078 -1.2
    endloop
  endfacet
  facet normal -0.996191 0.0871954 0
    outer loop
      vertex 85.3532 25.8078 0
      vertex 85.3 25.2 -1.2
      vertex 85.3 25.2 0
    endloop
  endfacet
  facet normal 0.819201 -0.573506 0
    outer loop
      vertex 91.4812 22.9502 0
      vertex 91.8311 23.45 -1.2
      vertex 91.8311 23.45 0
    endloop
  endfacet
  facet normal 0.819201 -0.573506 0
    outer loop
      vertex 91.8311 23.45 -1.2
      vertex 91.4812 22.9502 0
      vertex 91.4812 22.9502 -1.2
    endloop
  endfacet
  facet normal -0.258815 0.965927 0
    outer loop
      vertex 88.1922 28.6468 -1.2
      vertex 87.6029 28.4889 0
      vertex 88.1922 28.6468 0
    endloop
  endfacet
  facet normal -0.258815 0.965927 0
    outer loop
      vertex 87.6029 28.4889 0
      vertex 88.1922 28.6468 -1.2
      vertex 87.6029 28.4889 -1.2
    endloop
  endfacet
  facet normal -0.258815 -0.965927 0
    outer loop
      vertex 87.6029 21.9111 -1.2
      vertex 88.1922 21.7532 0
      vertex 87.6029 21.9111 0
    endloop
  endfacet
  facet normal -0.258815 -0.965927 -0
    outer loop
      vertex 88.1922 21.7532 0
      vertex 87.6029 21.9111 -1.2
      vertex 88.1922 21.7532 -1.2
    endloop
  endfacet
  facet normal 0.422589 0.906321 -0
    outer loop
      vertex 90.55 28.2311 -1.2
      vertex 89.9971 28.4889 0
      vertex 90.55 28.2311 0
    endloop
  endfacet
  facet normal 0.422589 0.906321 0
    outer loop
      vertex 89.9971 28.4889 0
      vertex 90.55 28.2311 -1.2
      vertex 89.9971 28.4889 -1.2
    endloop
  endfacet
  facet normal -0.819201 -0.573506 0
    outer loop
      vertex 86.1188 22.9502 -1.2
      vertex 85.7689 23.45 0
      vertex 85.7689 23.45 -1.2
    endloop
  endfacet
  facet normal -0.819201 -0.573506 0
    outer loop
      vertex 85.7689 23.45 0
      vertex 86.1188 22.9502 -1.2
      vertex 86.1188 22.9502 0
    endloop
  endfacet
  facet normal -0.0871954 -0.996191 0
    outer loop
      vertex 88.1922 21.7532 -1.2
      vertex 88.8 21.7 0
      vertex 88.1922 21.7532 0
    endloop
  endfacet
  facet normal -0.0871954 -0.996191 -0
    outer loop
      vertex 88.8 21.7 0
      vertex 88.1922 21.7532 -1.2
      vertex 88.8 21.7 -1.2
    endloop
  endfacet
  facet normal 0.258815 -0.965927 0
    outer loop
      vertex 89.4078 21.7532 -1.2
      vertex 89.9971 21.9111 0
      vertex 89.4078 21.7532 0
    endloop
  endfacet
  facet normal 0.258815 -0.965927 0
    outer loop
      vertex 89.9971 21.9111 0
      vertex 89.4078 21.7532 -1.2
      vertex 89.9971 21.9111 -1.2
    endloop
  endfacet
  facet normal 0.707107 0.707107 0
    outer loop
      vertex 91.4812 27.4498 0
      vertex 91.0498 27.8812 -1.2
      vertex 91.0498 27.8812 0
    endloop
  endfacet
  facet normal 0.707107 0.707107 0
    outer loop
      vertex 91.0498 27.8812 -1.2
      vertex 91.4812 27.4498 0
      vertex 91.4812 27.4498 -1.2
    endloop
  endfacet
  facet normal 0.573506 0.819201 -0
    outer loop
      vertex 91.0498 27.8812 -1.2
      vertex 90.55 28.2311 0
      vertex 91.0498 27.8812 0
    endloop
  endfacet
  facet normal 0.573506 0.819201 0
    outer loop
      vertex 90.55 28.2311 0
      vertex 91.0498 27.8812 -1.2
      vertex 90.55 28.2311 -1.2
    endloop
  endfacet
  facet normal -0.573506 -0.819201 0
    outer loop
      vertex 86.5502 22.5188 -1.2
      vertex 87.05 22.1689 0
      vertex 86.5502 22.5188 0
    endloop
  endfacet
  facet normal -0.573506 -0.819201 -0
    outer loop
      vertex 87.05 22.1689 0
      vertex 86.5502 22.5188 -1.2
      vertex 87.05 22.1689 -1.2
    endloop
  endfacet
  facet normal -0.965941 -0.258764 0
    outer loop
      vertex 85.3532 24.5922 -1.2
      vertex 85.4 24.4175 0
      vertex 85.3532 24.5922 0
    endloop
  endfacet
  facet normal -0.965927 -0.258815 -8.04529e-06
    outer loop
      vertex 85.5111 24.0029 -1.2
      vertex 85.4 24.4175 0
      vertex 85.3532 24.5922 -1.2
    endloop
  endfacet
  facet normal -0.965921 -0.258837 0
    outer loop
      vertex 85.4 24.4175 0
      vertex 85.5111 24.0029 -1.2
      vertex 85.5111 24.0029 0
    endloop
  endfacet
  facet normal 0.573506 -0.819201 0
    outer loop
      vertex 90.55 22.1689 -1.2
      vertex 91.0498 22.5188 0
      vertex 90.55 22.1689 0
    endloop
  endfacet
  facet normal 0.573506 -0.819201 0
    outer loop
      vertex 91.0498 22.5188 0
      vertex 90.55 22.1689 -1.2
      vertex 91.0498 22.5188 -1.2
    endloop
  endfacet
  facet normal -0.996191 -0.0871954 0
    outer loop
      vertex 85.3532 24.5922 -1.2
      vertex 85.3 25.2 0
      vertex 85.3 25.2 -1.2
    endloop
  endfacet
  facet normal -0.996191 -0.0871954 0
    outer loop
      vertex 85.3 25.2 0
      vertex 85.3532 24.5922 -1.2
      vertex 85.3532 24.5922 0
    endloop
  endfacet
  facet normal 0.258815 0.965927 -0
    outer loop
      vertex 89.9971 28.4889 -1.2
      vertex 89.4078 28.6468 0
      vertex 89.9971 28.4889 0
    endloop
  endfacet
  facet normal 0.258815 0.965927 0
    outer loop
      vertex 89.4078 28.6468 0
      vertex 89.9971 28.4889 -1.2
      vertex 89.4078 28.6468 -1.2
    endloop
  endfacet
  facet normal -0.906321 0.422589 0
    outer loop
      vertex 85.5111 26.3971 -1.2
      vertex 85.7689 26.95 0
      vertex 85.7689 26.95 -1.2
    endloop
  endfacet
  facet normal -0.906321 0.422589 0
    outer loop
      vertex 85.7689 26.95 0
      vertex 85.5111 26.3971 -1.2
      vertex 85.5111 26.3971 0
    endloop
  endfacet
  facet normal -0.906321 -0.422589 0
    outer loop
      vertex 85.7689 23.45 -1.2
      vertex 85.5111 24.0029 0
      vertex 85.5111 24.0029 -1.2
    endloop
  endfacet
  facet normal -0.906321 -0.422589 0
    outer loop
      vertex 85.5111 24.0029 0
      vertex 85.7689 23.45 -1.2
      vertex 85.7689 23.45 0
    endloop
  endfacet
  facet normal 0.0871954 0.996191 -0
    outer loop
      vertex 89.4078 28.6468 -1.2
      vertex 88.8 28.7 0
      vertex 89.4078 28.6468 0
    endloop
  endfacet
  facet normal 0.0871954 0.996191 0
    outer loop
      vertex 88.8 28.7 0
      vertex 89.4078 28.6468 -1.2
      vertex 88.8 28.7 -1.2
    endloop
  endfacet
  facet normal 0.906321 -0.422589 0
    outer loop
      vertex 91.8311 23.45 0
      vertex 92.0889 24.0029 -1.2
      vertex 92.0889 24.0029 0
    endloop
  endfacet
  facet normal 0.906321 -0.422589 0
    outer loop
      vertex 92.0889 24.0029 -1.2
      vertex 91.8311 23.45 0
      vertex 91.8311 23.45 -1.2
    endloop
  endfacet
  facet normal -0.965921 0.258837 0
    outer loop
      vertex 85.5111 26.3971 -1.2
      vertex 85.4 25.9825 0
      vertex 85.5111 26.3971 0
    endloop
  endfacet
  facet normal -0.965927 0.258815 -8.04529e-06
    outer loop
      vertex 85.3532 25.8078 -1.2
      vertex 85.4 25.9825 0
      vertex 85.5111 26.3971 -1.2
    endloop
  endfacet
  facet normal -0.965941 0.258764 0
    outer loop
      vertex 85.4 25.9825 0
      vertex 85.3532 25.8078 -1.2
      vertex 85.3532 25.8078 0
    endloop
  endfacet
  facet normal -0.707107 -0.707107 0
    outer loop
      vertex 86.5502 22.5188 -1.2
      vertex 86.1188 22.9502 0
      vertex 86.1188 22.9502 -1.2
    endloop
  endfacet
  facet normal -0.707107 -0.707107 0
    outer loop
      vertex 86.1188 22.9502 0
      vertex 86.5502 22.5188 -1.2
      vertex 86.5502 22.5188 0
    endloop
  endfacet
  facet normal -0.422589 -0.906321 0
    outer loop
      vertex 87.05 22.1689 -1.2
      vertex 87.6029 21.9111 0
      vertex 87.05 22.1689 0
    endloop
  endfacet
  facet normal -0.422589 -0.906321 -0
    outer loop
      vertex 87.6029 21.9111 0
      vertex 87.05 22.1689 -1.2
      vertex 87.6029 21.9111 -1.2
    endloop
  endfacet
  facet normal -0.819201 0.573506 0
    outer loop
      vertex 85.7689 26.95 -1.2
      vertex 86.1188 27.4498 0
      vertex 86.1188 27.4498 -1.2
    endloop
  endfacet
  facet normal -0.819201 0.573506 0
    outer loop
      vertex 86.1188 27.4498 0
      vertex 85.7689 26.95 -1.2
      vertex 85.7689 26.95 0
    endloop
  endfacet
  facet normal 1 -0 0
    outer loop
      vertex 57.4 30.8 22.4
      vertex 57.4 32.8 20.4
      vertex 57.4 32.8 22.4
    endloop
  endfacet
  facet normal 1 0 0
    outer loop
      vertex 57.4 32.8 20.4
      vertex 57.4 30.8 22.4
      vertex 57.4 30.8 20.4
    endloop
  endfacet
  facet normal -0 0 1
    outer loop
      vertex 12.4 32.8 22.4
      vertex 57.4 30.8 22.4
      vertex 57.4 32.8 22.4
    endloop
  endfacet
  facet normal 0 0 1
    outer loop
      vertex 57.4 30.8 22.4
      vertex 12.4 32.8 22.4
      vertex 12.4 30.8 22.4
    endloop
  endfacet
  facet normal 0 0 -1
    outer loop
      vertex 12.4 30.8 20.4
      vertex 57.4 32.8 20.4
      vertex 57.4 30.8 20.4
    endloop
  endfacet
  facet normal -0 0 -1
    outer loop
      vertex 57.4 32.8 20.4
      vertex 12.4 30.8 20.4
      vertex 12.4 32.8 20.4
    endloop
  endfacet
  facet normal -1 0 0
    outer loop
      vertex 12.4 30.8 20.4
      vertex 12.4 32.8 22.4
      vertex 12.4 32.8 20.4
    endloop
  endfacet
  facet normal -1 -0 0
    outer loop
      vertex 12.4 32.8 22.4
      vertex 12.4 30.8 20.4
      vertex 12.4 30.8 22.4
    endloop
  endfacet
  facet normal 0 -1 0
    outer loop
      vertex 12.4 30.8 20.4
      vertex 57.4 30.8 22.4
      vertex 12.4 30.8 22.4
    endloop
  endfacet
  facet normal 0 -1 -0
    outer loop
      vertex 57.4 30.8 22.4
      vertex 12.4 30.8 20.4
      vertex 57.4 30.8 20.4
    endloop
  endfacet
  facet normal 1 -0 0
    outer loop
      vertex 13.4 2.4 22.4
      vertex 13.4 4.4 20.4
      vertex 13.4 4.4 22.4
    endloop
  endfacet
  facet normal 1 0 0
    outer loop
      vertex 13.4 4.4 20.4
      vertex 13.4 2.4 22.4
      vertex 13.4 2.4 20.4
    endloop
  endfacet
  facet normal -0 0 1
    outer loop
      vertex 12.4 4.4 22.4
      vertex 13.4 2.4 22.4
      vertex 13.4 4.4 22.4
    endloop
  endfacet
  facet normal 0 0 1
    outer loop
      vertex 13.4 2.4 22.4
      vertex 12.4 4.4 22.4
      vertex 12.4 2.4 22.4
    endloop
  endfacet
  facet normal 0 0 -1
    outer loop
      vertex 12.4 2.4 20.4
      vertex 13.4 4.4 20.4
      vertex 13.4 2.4 20.4
    endloop
  endfacet
  facet normal -0 0 -1
    outer loop
      vertex 13.4 4.4 20.4
      vertex 12.4 2.4 20.4
      vertex 12.4 4.4 20.4
    endloop
  endfacet
  facet normal -1 0 0
    outer loop
      vertex 12.4 2.4 20.4
      vertex 12.4 4.4 22.4
      vertex 12.4 4.4 20.4
    endloop
  endfacet
  facet normal -1 -0 0
    outer loop
      vertex 12.4 4.4 22.4
      vertex 12.4 2.4 20.4
      vertex 12.4 2.4 22.4
    endloop
  endfacet
  facet normal 0 1 -0
    outer loop
      vertex 13.4 4.4 20.4
      vertex 12.4 4.4 22.4
      vertex 13.4 4.4 22.4
    endloop
  endfacet
  facet normal 0 1 0
    outer loop
      vertex 12.4 4.4 22.4
      vertex 13.4 4.4 20.4
      vertex 12.4 4.4 20.4
    endloop
  endfacet
  facet normal 1 -0 0
    outer loop
      vertex 57.4 2.4 22.4
      vertex 57.4 4.4 20.4
      vertex 57.4 4.4 22.4
    endloop
  endfacet
  facet normal 1 0 0
    outer loop
      vertex 57.4 4.4 20.4
      vertex 57.4 2.4 22.4
      vertex 57.4 2.4 20.4
    endloop
  endfacet
  facet normal -0 0 1
    outer loop
      vertex 23.4 4.4 22.4
      vertex 57.4 2.4 22.4
      vertex 57.4 4.4 22.4
    endloop
  endfacet
  facet normal 0 0 1
    outer loop
      vertex 57.4 2.4 22.4
      vertex 23.4 4.4 22.4
      vertex 23.4 2.4 22.4
    endloop
  endfacet
  facet normal 0 0 -1
    outer loop
      vertex 23.4 2.4 20.4
      vertex 57.4 4.4 20.4
      vertex 57.4 2.4 20.4
    endloop
  endfacet
  facet normal -0 0 -1
    outer loop
      vertex 57.4 4.4 20.4
      vertex 23.4 2.4 20.4
      vertex 23.4 4.4 20.4
    endloop
  endfacet
  facet normal -1 0 0
    outer loop
      vertex 23.4 2.4 20.4
      vertex 23.4 4.4 22.4
      vertex 23.4 4.4 20.4
    endloop
  endfacet
  facet normal -1 -0 0
    outer loop
      vertex 23.4 4.4 22.4
      vertex 23.4 2.4 20.4
      vertex 23.4 2.4 22.4
    endloop
  endfacet
  facet normal 0 1 -0
    outer loop
      vertex 57.4 4.4 20.4
      vertex 23.4 4.4 22.4
      vertex 57.4 4.4 22.4
    endloop
  endfacet
  facet normal 0 1 0
    outer loop
      vertex 23.4 4.4 22.4
      vertex 57.4 4.4 20.4
      vertex 23.4 4.4 20.4
    endloop
  endfacet
endsolid OpenSCAD_Model
